featureFlag,groupRef,entryRef,entryDistribution,groupTier
"","","",0,0
"",PlaytestSpecial,"",0,3
"","",blank,0,0
"","","",0,0
"",Zone_Low,"",0,1
"","",Weapon_Low,20.5,0
"","",ammo,13,0
"","",Health_Small,10,0
"","",Health_Large,3.5,0
"","",ordnance,12,0
"","",Attachment_Low,16,0
"","",Armor_Low,5,0
"","",Helmet_Low,0.5,0
"","",Backpack_Low,4,0
"","",Incapshield_Low,0.5,0
"","",blank,14,0
"","","",0,0
"",Zone_Medium,"",0,2
"","",Weapon_Medium,20.5,0
"","",ammo,13,0
"","",Health_Small,9,0
"","",Health_Large,4.5,0
"","",ordnance,11,0
"","",Attachment_Medium,16,0
"","",Armor_Medium,5,0
"","",Helmet_Medium,0.5,0
"","",Backpack_Medium,4,0
"","",Incapshield_Medium,0.5,0
"","",mp_ability_void_ring,0.5,0
"","",mp_ability_redeploy_balloon,0.6,0
"","",blank,14,0
"","","",0,0
"",Zone_High,"",0,3
"","",Weapon_High,20.5,0
"","",ammo,13,0
"","",Health_Small,7.5,0
"","",Health_Large,5,0
"","",ordnance,9,0
"","",Attachment_High,18,0
"","",Armor_High,5,0
"","",Helmet_High,1,0
"","",Backpack_High,4,0
"","",Incapshield_High,1,0
"","",mp_ability_mobile_respawn_beacon,0.75,0
"","",mp_ability_void_ring,1,0
"","",mp_ability_redeploy_balloon,1.1,0
"","",helmet_pickup_lv5_sunglasses,0,0
"","",blank,10.5,0
"","","",0,0
"",POI_High,"",0,3
"","",Armor_2,20,0
"","",Armor_3,10,0
"","",Weapon_Low,40,0
"","",Health_High,20,0
"","","",0,0
"",POI_Ultra,"",0,3
"","",Backpack_3,10,0
"","",Backpack_2,5,0
"","",Armor_2,20,0
"","",Armor_3,10,0
"","",gold_weapons,15,0
"","",incapshield_pickup_lv4_selfrevive,5,0
"","",Weapon_Low,20,0
"","",Health_High,15,0
"","","",0,0
"",POI_OctaneTT,"",0,0
"","",backpack_pickup_lv3,1,0
"","",backpack_pickup_lv2,1,0
"","",armor_pickup_lv3,1,0
"","",incapshield_pickup_lv4_selfrevive,1,0
"","","",0,0
"",Zone_HotZone,"",0,3
"","",Weapon_Medium,28,0
"","",ammo,8,0
"","",Health_High,14,0
"","",ordnance,8,0
"","",Attachment_High,18,0
"","",Armor_High,4,0
"","",Helmet_High,3,0
"","",Backpack_High,4,0
"","",Incapshield_High,2,0
"","",blank,11,0
"","","",0,0
"",POI_HotZone_Weapon,"",0,3
"","",Attachment_L4,20,0
"","",gold_weapons,80,0
"","","",0,0
"",POI_HotZone_Item,"",0,3
"","",armor_pickup_lv3,50,0
"","",helmet_pickup_lv3,5,0
"","",backpack_pickup_lv3,5,0
"","",incapshield_pickup_lv3,5,0
"","",armor_pickup_lv4_all_fast,20,0
"","",helmet_pickup_lv4_abilities,24,0
"","",backpack_pickup_lv4_revive_boost,10,0
"","",incapshield_pickup_lv4_selfrevive,24,0
"","","",0,0
"",POI_HotZone_Attachments,"",0,3
"","",bullets_mag_l3,8,0
"","",bullets_mag_l4,5,0
"","",highcal_mag_l3,8,0
"","",highcal_mag_l4,5,0
"","",energy_mag_l3,8,0
"","",energy_mag_l4,5,0
"","",sniper_mag_l3,8,0
"","",sniper_mag_l4,3,0
"","",shotgun_bolt_l3,5,0
"","",shotgun_bolt_l4,8,0
"","",stock_tactical_l3,8,0
"","",stock_sniper_l3,8,0
"","",barrel_stabilizer_l3,5,0
"","",laser_sight_l3,8,0
"","",Hopup_Purple,0,0
"","",Hopup_Gold,4,0
"","",optic_ranged_hcog,6,0
"","",optic_ranged_aog_variable,5,0
"","","",0,0
"",Building_Shack_Ultra_Low,"",0,0
"","",health_1,10,0
"","",ammo,10,0
"","",ordnance,10,0
"","",optic_cq_hcog_classic,2,0
"","",optic_cq_holosight,2,0
"","",Attachment_Low,4,0
"","",mp_weapon_semipistol,3,0
"","",mp_weapon_alternator_smg,4,0
"","",mp_weapon_shotgun,3,0
"","",mp_weapon_autopistol,4,0
"","",mp_weapon_shotgun_pistol,4,0
"","",health_pickup_ultimate,6,0
"","",Zone_Low,10,0
"","",blank,24,0
"","","",0,0
"",crate_weapons_earlygame,"",0,3
"","",mp_weapon_bow,25,0
"","",mp_weapon_lstar,30,0
"","",mp_weapon_hemlok,35,0
"","",mp_weapon_sniper,10,0
"","","",0,0
"",crate_weapons_midgame,"",0,3
"","",mp_weapon_bow,25,0
"","",mp_weapon_lstar,25,0
"","",mp_weapon_hemlok,25,0
"","",mp_weapon_sniper,25,0
"","","",0,0
"",crate_weapons_lategame,"",0,3
"","",mp_weapon_bow,25,0
"","",mp_weapon_lstar,25,0
"","",mp_weapon_hemlok,25,0
"","",mp_weapon_sniper,25,0
"","","",0,0
"",crate_jackpot_items,"",0,3
"","",armor_pickup_lv3,25,0
"","",armor_pickup_lv4_all_fast,5,0
"","",helmet_pickup_lv4_abilities,20,0
"","",backpack_pickup_lv4_revive_boost,18,0
"","",incapshield_pickup_lv4_selfrevive,5,0
"","","",0,0
"",white_kitted_weapons,"",0,3
"","",mp_weapon_wingman_whiteset,7,0
"","",mp_weapon_semipistol_whiteset,7,0
"","",mp_weapon_autopistol_whiteset,7,0
"","",mp_weapon_shotgun_pistol_whiteset,7,0
"","",mp_weapon_shotgun_whiteset,7,0
"","",mp_weapon_alternator_smg_whiteset,7,0
"","",mp_weapon_g2_whiteset,7,0
"","",mp_weapon_mastiff_whiteset,7,0
"","",mp_weapon_r97_whiteset,7,0
"","",mp_weapon_pdw_whiteset,7,0
"","",mp_weapon_vinson_whiteset,7,0
"","",mp_weapon_rspn101_whiteset,7,0
"","",mp_weapon_esaw_whiteset,7,0
"","",mp_weapon_lmg_whiteset,7,0
"","",mp_weapon_dmr_whiteset,7,0
"","",mp_weapon_doubletake_whiteset,7,0
"","",mp_weapon_sentinel_whiteset,7,0
"","",mp_weapon_defender_whiteset,7,0
"","",mp_weapon_volt_smg_whiteset,7,0
"","",mp_weapon_3030_whiteset,7,0
"","",mp_weapon_nemesis_whiteset,7,0
"","",mp_weapon_dragon_lmg_whiteset,7,0
"","","",0,0
"",blue_kitted_weapons,"",0,3
"","",mp_weapon_wingman_blueset,7,0
"","",mp_weapon_semipistol_blueset,7,0
"","",mp_weapon_autopistol_blueset,7,0
"","",mp_weapon_shotgun_pistol_blueset,7,0
"","",mp_weapon_shotgun_blueset,7,0
"","",mp_weapon_alternator_smg_blueset,7,0
"","",mp_weapon_g2_blueset,7,0
"","",mp_weapon_mastiff_blueset,7,0
"","",mp_weapon_r97_blueset,7,0
"","",mp_weapon_pdw_blueset,7,0
"","",mp_weapon_vinson_blueset,7,0
"","",mp_weapon_rspn101_blueset,7,0
"","",mp_weapon_esaw_blueset,7,0
"","",mp_weapon_lmg_blueset,7,0
"","",mp_weapon_dmr_blueset,7,0
"","",mp_weapon_doubletake_blueset,7,0
"","",mp_weapon_sentinel_blueset,7,0
"","",mp_weapon_defender_blueset,7,0
"","",mp_weapon_volt_smg_blueset,7,0
"","",mp_weapon_3030_blueset,7,0
"","",mp_weapon_nemesis_blueset,7,0
"","",mp_weapon_dragon_lmg_blueset,7,0
"","","",0,0
"",purple_kitted_weapons,"",0,3
"","",mp_weapon_wingman_purpleset,7,0
"","",mp_weapon_semipistol_purpleset,7,0
"","",mp_weapon_autopistol_purpleset,7,0
"","",mp_weapon_shotgun_pistol_purpleset,7,0
"","",mp_weapon_shotgun_purpleset,7,0
"","",mp_weapon_alternator_smg_purpleset,7,0
"","",mp_weapon_g2_purpleset,7,0
"","",mp_weapon_mastiff_purpleset,7,0
"","",mp_weapon_r97_purpleset,7,0
"","",mp_weapon_pdw_purpleset,7,0
"","",mp_weapon_vinson_purpleset,7,0
"","",mp_weapon_rspn101_purpleset,7,0
"","",mp_weapon_esaw_purpleset,7,0
"","",mp_weapon_lmg_purpleset,7,0
"","",mp_weapon_dmr_purpleset,7,0
"","",mp_weapon_doubletake_purpleset,7,0
"","",mp_weapon_sentinel_purpleset,7,0
"","",mp_weapon_defender_purpleset,7,0
"","",mp_weapon_volt_smg_purpleset,7,0
"","",mp_weapon_3030_purpleset,7,0
"","",mp_weapon_nemesis_purpleset,7,0
"","",mp_weapon_dragon_lmg_purpleset,7,0
"","","",0,0
"",gold_weapons,"",0,3
"","",mp_weapon_hemlok_gold,15,0
"","",mp_weapon_alternator_smg_gold,15,0
"","",mp_weapon_defender_gold,15,0
"","","",0,0
"",gold_kitted_weapons,"",0,3
"","",mp_weapon_wingman_gold,7,0
"","",mp_weapon_semipistol_gold,7,0
"","",mp_weapon_autopistol_gold,7,0
"","",mp_weapon_shotgun_pistol_gold,7,0
"","",mp_weapon_shotgun_gold,7,0
"","",mp_weapon_alternator_smg_gold,7,0
"","",mp_weapon_g2_gold,7,0
"","",mp_weapon_mastiff_gold,7,0
"","",mp_weapon_r97_gold,7,0
"","",mp_weapon_pdw_gold,7,0
"","",mp_weapon_vinson_gold,7,0
"","",mp_weapon_rspn101_gold,7,0
"","",mp_weapon_esaw_gold,7,0
"","",mp_weapon_lmg_gold,7,0
"","",mp_weapon_dmr_gold,7,0
"","",mp_weapon_doubletake_gold,7,0
"","",mp_weapon_defender_gold,7,0
"","",mp_weapon_volt_smg_gold,7,0
"","","",0,0
"",top_tier_inventory,"",0,3
"","",backpack_pickup_lv3,6,0
"","",incapshield_pickup_lv3,6,0
"","",health_pickup_combo_full,6,0
"","",Hopup_Gold,12,0
"","",shotgun_bolt_l3,6,0
"","",highcal_mag_l3,6,0
"","",energy_mag_l3,6,0
"","",sniper_mag_l3,4,0
"","",stock_sniper_l3,6,0
"","",stock_tactical_l3,6,0
"","",laser_sight_l3,6,0
"","",barrel_stabilizer_l3,6,0
"","",optic_sniper_threat,10,0
"","",optic_cq_threat,10,0
"","",optic_ranged_aog_variable,10,0
"","",optic_sniper_variable,10,0
"","",mp_ability_void_ring,2,0
"","",mp_ability_redeploy_balloon,2,0
"","","",0,0
"",top_tier_health,"",0,3
"","",health_pickup_combo_full,19,0
"","",health_pickup_combo_large,33,0
"","",health_pickup_health_large,33,0
"","",mp_ability_void_ring,15,0
"","",mp_ability_redeploy_balloon,15,0
"","",mp_ability_mobile_respawn_beacon,15,0
"","","",0,0
"",gold_any,"",0,0
"","",gold_items,60,0
"","",gold_weapons,40,0
"","","",0,0
"",gold_items,"",0,0
"","",armor_pickup_lv4_all_fast,15,0
"","",helmet_pickup_lv4_abilities,44,0
"","",backpack_pickup_lv4_revive_boost,36,0
"","",incapshield_pickup_lv4_selfrevive,10,0
"","","",0,0
"",Armor_Low,"",0,1
"","",Armor_1,60,0
"","",Armor_2,32,0
"","",Armor_3,8,0
"","","",0,0
"",Armor_Medium,"",0,2
"","",Armor_1,47,0
"","",Armor_2,44,0
"","",Armor_3,9,0
"","","",0,0
"",Armor_High,"",0,3
"","",Armor_1,38,0
"","",Armor_2,50,0
"","",Armor_3,12,0
"","","",0,0
"",Armor_Low_v2,"",0,1
"","",Armor_1,60,0
"","",Armor_2,22.4,0
"","",Armor_3,5.6,0
"","","",0,0
"",Armor_Medium_v2,"",0,2
"","",Armor_1,47,0
"","",Armor_2,30.8,0
"","",Armor_3,6.3,0
"","","",0,0
"",Armor_High_v2,"",0,3
"","",Armor_1,38,0
"","",Armor_2,35,0
"","",Armor_3,8.4,0
"","","",0,0
"",Armor_High_nogold,"",0,3
"","",Armor_1,37,0
"","",Armor_2,52,0
"","",Armor_3_nogold,11,0
"","","",0,0
"",Armor_3_nogold,"",0,3
"","",armor_pickup_lv3,100,0
"","","",0,0
"",Helmet_Low,"",0,1
"","",Helmet_2,80,0
"","",Helmet_3,20,0
"","","",0,0
"",Helmet_Medium,"",0,2
"","",Helmet_2,79,0
"","",Helmet_3,21,0
"","","",0,0
"",Helmet_High,"",0,3
"","",Helmet_2,77,0
"","",Helmet_3,23,0
"","","",0,0
"",Helmet_High_nogold,"",0,3
"","",Helmet_2,77,0
"","",Helmet_3_nogold,23,0
"","","",0,0
"",Helmet_3_nogold,"",0,3
"","",helmet_pickup_lv3,100,0
"","","",0,0
"",Backpack_Low,"",0,1
"","",Backpack_1,90,0
"","",Backpack_2,8,0
"","",Backpack_3,2,0
"","","",0,0
"",Backpack_Medium,"",0,2
"","",Backpack_1,80,0
"","",Backpack_2,16.5,0
"","",Backpack_3,3.5,0
"","","",0,0
"",Backpack_High,"",0,3
"","",Backpack_1,70,0
"","",Backpack_2,24.5,0
"","",Backpack_3,5.5,0
"","","",0,0
"",Backpack_High_nogold,"",0,3
"","",Backpack_1,70,0
"","",Backpack_2,24.5,0
"","",Backpack_3_nogold,5.5,0
"","","",0,0
"",Backpack_3_nogold,"",0,3
"","",backpack_pickup_lv3,100,0
"","","",0,0
"",Incapshield_Low,"",0,1
"","",Incapshield_2,80,0
"","",Incapshield_3,20,0
"","","",0,0
"",Incapshield_Medium,"",0,2
"","",Incapshield_2,79,0
"","",Incapshield_3,21,0
"","","",0,0
"",Incapshield_High,"",0,3
"","",Incapshield_2,77,0
"","",Incapshield_3,23,0
"","","",0,0
"",Incapshield_High_nogold,"",0,3
"","",Incapshield_2,77,0
"","",Incapshield_3_nogold,23,0
"","","",0,0
"",Incapshield_3_nogold,"",0,3
"","",incapshield_pickup_lv3,100,0
"","","",0,0
"",Armor_3,"",0,3
"","",armor_pickup_lv3,99.25,0
"","",armor_pickup_lv4_all_fast,0.75,0
"","","",0,0
"",Armor_2,"",0,2
"","",armor_pickup_lv2,100,0
"","","",0,0
"",Armor_1,"",0,1
"","",armor_pickup_lv1,100,0
"","","",0,0
"",Helmet_3,"",0,3
"","",helmet_pickup_lv3,99.25,0
"","",helmet_pickup_lv4_abilities,0.75,0
"","","",0,0
"",Helmet_2,"",0,2
"","",helmet_pickup_lv2,100,0
"","","",0,0
"",Backpack_3,"",0,3
"","",backpack_pickup_lv3,99.25,0
"","",backpack_pickup_lv4_revive_boost,0.75,0
"","","",0,0
"",Backpack_2,"",0,2
"","",backpack_pickup_lv2,100,0
"","","",0,0
"",Backpack_1,"",0,1
"","",backpack_pickup_lv1,100,0
"","","",0,0
"",Incapshield_3,"",0,3
"","",incapshield_pickup_lv3,99.25,0
"","",incapshield_pickup_lv4_selfrevive,0.75,0
"","","",0,0
"",Incapshield_2,"",0,2
"","",incapshield_pickup_lv2,100,0
"","","",0,0
"",Weapon_UltraLow,"",0,1
"","",mp_weapon_wingman,0,0
"","",mp_weapon_semipistol,20,0
"","",mp_weapon_autopistol,20,0
"","",mp_weapon_shotgun_pistol,20,0
"","",mp_weapon_shotgun,20,0
"","",mp_weapon_mastiff,0,0
"","",mp_weapon_alternator_smg,20,0
"","",mp_weapon_r97,0,0
"","",mp_weapon_hemlok,0,0
"","",mp_weapon_vinson,0,0
"","",mp_weapon_rspn101,0,0
"","",mp_weapon_esaw,0,0
"","",mp_weapon_lmg,0,0
"","",mp_weapon_g2,0,0
"","",mp_weapon_dmr,0,0
"","",mp_weapon_doubletake,0,0
"","",mp_weapon_defender,0,0
"","",mp_weapon_sentinel,0,0
"","",mp_weapon_volt_smg,0,0
"","",mp_weapon_nemesis,0,0
"","","",0,0
"",Weapon_Low,"",0,1
"","",mp_weapon_wingman,5,0
"","",mp_weapon_semipistol,10,0
"","",mp_weapon_autopistol,10,0
"","",mp_weapon_shotgun_pistol,12,0
"","",mp_weapon_shotgun,5,0
"","",mp_weapon_mastiff,5,0
"","",mp_weapon_alternator_smg,10,0
"","",mp_weapon_r97,4,0
"","",mp_weapon_hemlok,5,0
"","",mp_weapon_vinson,4,0
"","",mp_weapon_rspn101,4,0
"","",mp_weapon_esaw,1,0
"","",mp_weapon_lmg,3,0
"","",mp_weapon_g2,3,0
"","",mp_weapon_dmr,2,0
"","",mp_weapon_doubletake,2,0
"","",mp_weapon_defender,0,0
"","",mp_weapon_sentinel,2,0
"","",mp_weapon_volt_smg,4,0
"","",mp_weapon_3030,4,0
"","",mp_weapon_dragon_lmg,3,0
"","",mp_weapon_nemesis,5,0
"","","",0,0
"",Weapon_Medium,"",0,2
"","",mp_weapon_wingman,5,0
"","",mp_weapon_semipistol,9,0
"","",mp_weapon_autopistol,10,0
"","",mp_weapon_shotgun_pistol,10,0
"","",mp_weapon_shotgun,5,0
"","",mp_weapon_mastiff,3,0
"","",mp_weapon_alternator_smg,9,0
"","",mp_weapon_r97,6,0
"","",mp_weapon_hemlok,6,0
"","",mp_weapon_vinson,5,0
"","",mp_weapon_rspn101,4,0
"","",mp_weapon_esaw,2,0
"","",mp_weapon_lmg,4,0
"","",mp_weapon_g2,4,0
"","",mp_weapon_dmr,3,0
"","",mp_weapon_defender,1.4,0
"","",mp_weapon_doubletake,2,0
"","",mp_weapon_sentinel,3,0
"","",mp_weapon_volt_smg,6,0
"","",mp_weapon_3030,5,0
"","",mp_weapon_dragon_lmg,4,0
"","",mp_weapon_nemesis,5,0
"","","",0,0
"",Weapon_High,"",0,3
"","",mp_weapon_wingman,4,0
"","",mp_weapon_semipistol,8,0
"","",mp_weapon_autopistol,8,0
"","",mp_weapon_shotgun_pistol,10,0
"","",mp_weapon_shotgun,5,0
"","",mp_weapon_mastiff,3,0
"","",mp_weapon_alternator_smg,8,0
"","",mp_weapon_r97,4,0
"","",mp_weapon_hemlok,4,0
"","",mp_weapon_vinson,6,0
"","",mp_weapon_rspn101,4,0
"","",mp_weapon_esaw,2,0
"","",mp_weapon_lmg,4,0
"","",mp_weapon_g2,5,0
"","",mp_weapon_dmr,2,0
"","",mp_weapon_defender,2,0
"","",mp_weapon_doubletake,3,0
"","",mp_weapon_sentinel,3,0
"","",mp_weapon_volt_smg,4,0
"","",mp_weapon_3030,5,0
"","",mp_weapon_dragon_lmg,5,0
"","",mp_weapon_nemesis,5,0
"","","",0,0
"",ammo,"",0,0
"","",bullet,25,0
"","",shotgun,2,0
"","",highcal,27,0
"","",special,30,0
"","",sniper,13,0
"","","",0,0
"",Health_Small,"",0,0
"","",health_pickup_health_small,42,0
"","",health_pickup_combo_small,58,0
"","","",0,0
"",Health_Large,"",0,0
"","",health_pickup_combo_full,13,0
"","",health_pickup_combo_large,46,0
"","",health_pickup_health_large,41,0
"","","",0,0
"",Health_Low,"",0,1
"","",health_pickup_combo_full,3,0
"","",health_pickup_health_small,33,0
"","",health_pickup_combo_small,45,0
"","",health_pickup_combo_large,10,0
"","",health_pickup_health_large,9,0
"","","",0,0
"",Health_Medium,"",0,2
"","",health_pickup_combo_full,3,0
"","",health_pickup_health_small,30,0
"","",health_pickup_combo_small,40,0
"","",health_pickup_combo_large,14,0
"","",health_pickup_health_large,13,0
"","","",0,0
"",Health_High,"",0,3
"","",health_pickup_combo_full,6,0
"","",health_pickup_health_small,28,0
"","",health_pickup_combo_small,39,0
"","",health_pickup_combo_large,14,0
"","",health_pickup_health_large,13,0
"","","",0,0
"",Health_1,"",0,1
"","",health_pickup_combo_small,75,0
"","",health_pickup_health_small,25,0
"","","",0,0
"",Health_2,"",0,2
"","",health_pickup_combo_large,75,0
"","",health_pickup_health_large,25,0
"","","",0,0
"",Health_3,"",0,3
"","",health_pickup_combo_full,100,0
"","","",0,0
"",ordnance,"",0,0
"","",mp_weapon_thermite_grenade,30,0
"","",mp_weapon_frag_grenade,30,0
"","",mp_weapon_grenade_emp,30,0
"","",health_pickup_ultimate,6,0
"","","",0,0
"",ordnance_drops,"",0,0
"","",mp_weapon_thermite_grenade,40,0
"","",mp_weapon_frag_grenade,40,0
"","",mp_weapon_grenade_emp,20,0
"","","",0,0
"",Attachment_Low,"",0,1
"","",optic_cq_hcog_classic,6,0
"","",optic_cq_holosight,7,0
"","",optic_cq_hcog_bruiser,4,0
"","",optic_cq_holosight_variable,2,0
"","",optic_ranged_hcog,3,0
"","",optic_ranged_aog_variable,2,0
"","",optic_sniper,2,0
"","",optic_sniper_variable,2,0
"","",optic_cq_threat,1,0
"","",bullets_mag_l1,5,0
"","",bullets_mag_l2,3,0
"","",bullets_mag_l3,1.5,0
"","",bullets_mag_l4,0.1,0
"","",highcal_mag_l1,5,0
"","",highcal_mag_l2,3,0
"","",highcal_mag_l3,1.5,0
"","",highcal_mag_l4,0.1,0
"","",energy_mag_l1,5,0
"","",energy_mag_l2,3,0
"","",energy_mag_l3,1.5,0
"","",energy_mag_l4,0.1,0
"","",sniper_mag_l1,4,0
"","",sniper_mag_l2,3.5,0
"","",sniper_mag_l3,2,0
"","",sniper_mag_l4,0.05,0
"","",shotgun_bolt_l1,6,0
"","",shotgun_bolt_l2,3,0
"","",shotgun_bolt_l3,2,0
"","",shotgun_bolt_l4,0.2,0
"","",stock_tactical_l1,6.5,0
"","",stock_tactical_l2,4,0
"","",stock_tactical_l3,1.5,0
"","",stock_sniper_l1,3.75,0
"","",stock_sniper_l2,2,0
"","",stock_sniper_l3,1,0
"","",laser_sight_l1,7.5,0
"","",laser_sight_l2,4,0
"","",laser_sight_l3,1.5,0
"","",barrel_stabilizer_l1,7.5,0
"","",barrel_stabilizer_l2,4,0
"","",barrel_stabilizer_l3,1.5,0
"","",Hopup_Purple,0,0
"","",Hopup_Gold,2,0
"","","",0,0
"",Attachment_Medium,"",0,2
"","",optic_cq_hcog_classic,4,0
"","",optic_cq_holosight,6,0
"","",optic_cq_hcog_bruiser,4,0
"","",optic_cq_holosight_variable,3,0
"","",optic_ranged_hcog,3,0
"","",optic_ranged_aog_variable,2,0
"","",optic_sniper,3,0
"","",optic_sniper_variable,3,0
"","",optic_cq_threat,1,0
"","",bullets_mag_l1,5,0
"","",bullets_mag_l2,5,0
"","",bullets_mag_l3,1.5,0
"","",bullets_mag_l4,0.15,0
"","",highcal_mag_l1,5,0
"","",highcal_mag_l2,5,0
"","",highcal_mag_l3,1.5,0
"","",highcal_mag_l4,0.15,0
"","",energy_mag_l1,5,0
"","",energy_mag_l2,5,0
"","",energy_mag_l3,1.5,0
"","",energy_mag_l4,0.15,0
"","",sniper_mag_l1,3.5,0
"","",sniper_mag_l2,3.5,0
"","",sniper_mag_l3,2,0
"","",sniper_mag_l4,0.1,0
"","",shotgun_bolt_l1,5,0
"","",shotgun_bolt_l2,4,0
"","",shotgun_bolt_l3,2,0
"","",shotgun_bolt_l4,0.3,0
"","",stock_tactical_l1,5.5,0
"","",stock_tactical_l2,5,0
"","",stock_tactical_l3,1.5,0
"","",stock_sniper_l1,4.75,0
"","",stock_sniper_l2,3,0
"","",stock_sniper_l3,1.5,0
"","",laser_sight_l1,6.5,0
"","",laser_sight_l2,5,0
"","",laser_sight_l3,1.5,0
"","",barrel_stabilizer_l1,6.5,0
"","",barrel_stabilizer_l2,5,0
"","",barrel_stabilizer_l3,1.5,0
"","",Hopup_Purple,0,0
"","",Hopup_Gold,3,0
"","","",0,0
"",Attachment_High,"",0,3
"","",optic_cq_hcog_classic,4,0
"","",optic_cq_holosight,5,0
"","",optic_cq_hcog_bruiser,3,0
"","",optic_cq_holosight_variable,3,0
"","",optic_ranged_hcog,2,0
"","",optic_ranged_aog_variable,3,0
"","",optic_sniper,3,0
"","",optic_sniper_variable,3,0
"","",optic_cq_threat,1,0
"","",bullets_mag_l1,4,0
"","",bullets_mag_l2,5,0
"","",bullets_mag_l3,3.5,0
"","",bullets_mag_l4,0.25,0
"","",highcal_mag_l1,4,0
"","",highcal_mag_l2,5,0
"","",highcal_mag_l3,3.5,0
"","",highcal_mag_l4,0.25,0
"","",energy_mag_l1,4,0
"","",energy_mag_l2,5,0
"","",energy_mag_l3,3.5,0
"","",energy_mag_l4,0.25,0
"","",sniper_mag_l1,3.5,0
"","",sniper_mag_l2,3.5,0
"","",sniper_mag_l3,2.5,0
"","",sniper_mag_l4,0.25,0
"","",shotgun_bolt_l1,5,0
"","",shotgun_bolt_l2,4,0
"","",shotgun_bolt_l3,3,0
"","",shotgun_bolt_l4,1,0
"","",stock_tactical_l1,4.5,0
"","",stock_tactical_l2,5,0
"","",stock_tactical_l3,2.5,0
"","",stock_sniper_l1,3.75,0
"","",stock_sniper_l2,4,0
"","",stock_sniper_l3,2,0
"","",laser_sight_l1,5,0
"","",laser_sight_l2,5,0
"","",laser_sight_l3,2,0
"","",barrel_stabilizer_l1,5.5,0
"","",barrel_stabilizer_l2,5,0
"","",barrel_stabilizer_l3,1.5,0
"","",Hopup_Purple,0,0
"","",Hopup_Gold,4,0
"","","",0,0
"",Attachment_Low_v2,"",0,1
"","",optic_cq_hcog_classic,6,0
"","",optic_cq_holosight,7,0
"","",optic_cq_hcog_bruiser,4,0
"","",optic_cq_holosight_variable,2,0
"","",optic_ranged_hcog,3,0
"","",optic_ranged_aog_variable,2,0
"","",optic_sniper,2,0
"","",optic_sniper_variable,2,0
"","",optic_cq_threat,1,0
"","",bullets_mag_l1,5,0
"","",highcal_mag_l1,5,0
"","",energy_mag_l1,5,0
"","",sniper_mag_l1,4,0
"","",shotgun_bolt_l1,6,0
"","",stock_tactical_l1,6.5,0
"","",stock_sniper_l1,3.75,0
"","",laser_sight_l1,7.5,0
"","",barrel_stabilizer_l1,7.5,0
"","",bullets_mag_l2,2.4,0
"","",highcal_mag_l2,2.4,0
"","",energy_mag_l2,2.4,0
"","",sniper_mag_l2,2.8,0
"","",shotgun_bolt_l2,2.4,0
"","",stock_tactical_l2,3.2,0
"","",stock_sniper_l2,1.6,0
"","",laser_sight_l2,3.2,0
"","",barrel_stabilizer_l2,3.2,0
"","",bullets_mag_l3,1.2,0
"","",highcal_mag_l3,1.2,0
"","",energy_mag_l3,1.2,0
"","",sniper_mag_l3,1.6,0
"","",shotgun_bolt_l3,1.6,0
"","",stock_tactical_l3,1.2,0
"","",stock_sniper_l3,0.8,0
"","",laser_sight_l3,1.2,0
"","",barrel_stabilizer_l3,1.2,0
"","",bullets_mag_l4,0.1,0
"","",highcal_mag_l4,0.1,0
"","",energy_mag_l4,0.1,0
"","",sniper_mag_l4,0.05,0
"","",shotgun_bolt_l4,0.2,0
"","",Hopup_Purple,0,0
"","",Hopup_Gold,2,0
"","","",0,0
"",Attachment_Medium_v2,"",0,2
"","",optic_cq_hcog_classic,4,0
"","",optic_cq_holosight,6,0
"","",optic_cq_hcog_bruiser,4,0
"","",optic_cq_holosight_variable,3,0
"","",optic_ranged_hcog,3,0
"","",optic_ranged_aog_variable,2,0
"","",optic_sniper,3,0
"","",optic_sniper_variable,3,0
"","",optic_cq_threat,1,0
"","",bullets_mag_l1,5,0
"","",highcal_mag_l1,5,0
"","",energy_mag_l1,5,0
"","",sniper_mag_l1,3.5,0
"","",shotgun_bolt_l1,5,0
"","",stock_tactical_l1,5.5,0
"","",laser_sight_l1,6.5,0
"","",barrel_stabilizer_l1,6.5,0
"","",stock_sniper_l1,4.75,0
"","",bullets_mag_l2,4,0
"","",highcal_mag_l2,4,0
"","",energy_mag_l2,4,0
"","",sniper_mag_l2,2.8,0
"","",shotgun_bolt_l2,3.2,0
"","",stock_tactical_l2,4,0
"","",stock_sniper_l2,2.4,0
"","",laser_sight_l2,4,0
"","",barrel_stabilizer_l2,4,0
"","",bullets_mag_l3,1.2,0
"","",highcal_mag_l3,1.2,0
"","",energy_mag_l3,1.2,0
"","",sniper_mag_l3,1.6,0
"","",shotgun_bolt_l3,1.6,0
"","",stock_tactical_l3,1.2,0
"","",stock_sniper_l3,1.2,0
"","",laser_sight_l3,1.2,0
"","",barrel_stabilizer_l3,1.2,0
"","",bullets_mag_l4,0.15,0
"","",highcal_mag_l4,0.15,0
"","",energy_mag_l4,0.15,0
"","",sniper_mag_l4,0.1,0
"","",shotgun_bolt_l4,0.3,0
"","",Hopup_Purple,0,0
"","",Hopup_Gold,3,0
"","","",0,0
"",Attachment_High_v2,"",0,3
"","",optic_cq_hcog_classic,4,0
"","",optic_cq_holosight,5,0
"","",optic_cq_hcog_bruiser,3,0
"","",optic_cq_holosight_variable,3,0
"","",optic_ranged_hcog,2,0
"","",optic_ranged_aog_variable,3,0
"","",optic_sniper,3,0
"","",optic_sniper_variable,3,0
"","",optic_cq_threat,1,0
"","",bullets_mag_l1,3.2,0
"","",highcal_mag_l1,3.2,0
"","",energy_mag_l1,3.2,0
"","",sniper_mag_l1,2.8,0
"","",shotgun_bolt_l1,4,0
"","",stock_tactical_l1,3.6,0
"","",stock_sniper_l1,3,0
"","",laser_sight_l1,4,0
"","",barrel_stabilizer_l1,4.4,0
"","",bullets_mag_l2,4,0
"","",highcal_mag_l2,4,0
"","",energy_mag_l2,4,0
"","",sniper_mag_l2,2.8,0
"","",shotgun_bolt_l2,3.2,0
"","",stock_tactical_l2,4,0
"","",stock_sniper_l2,3.2,0
"","",laser_sight_l2,4,0
"","",barrel_stabilizer_l2,4,0
"","",bullets_mag_l3,2.8,0
"","",highcal_mag_l3,2.8,0
"","",energy_mag_l3,2.8,0
"","",sniper_mag_l3,2,0
"","",shotgun_bolt_l3,2.4,0
"","",stock_tactical_l3,2,0
"","",stock_sniper_l3,1.6,0
"","",laser_sight_l3,1.6,0
"","",barrel_stabilizer_l3,1.2,0
"","",bullets_mag_l4,0.25,0
"","",highcal_mag_l4,0.25,0
"","",energy_mag_l4,0.25,0
"","",sniper_mag_l4,0.25,0
"","",shotgun_bolt_l4,1,0
"","",Hopup_Purple,0,0
"","",Hopup_Gold,4,0
"","","",0,0
"",Hopup_Purple,"",0,0
"","",hopup_kinetic_loader,0,0
"","",hopup_smart_reload,0,0
"","",hopup_double_tap,0,0
"","",hopup_highcal_rounds,0,0
"","","",0,0
"",Hopup_Gold,"",0,0
"","",hopup_double_tap,26,0
"","",hopup_unshielded_dmg,27,0
"","",hopup_turbocharger,20,0
"","",hopup_headshot_dmg,27,0
"","","",0,0
"",medic_super,"",0,3
"","",helmet_pickup_lv3,35,0
"","",armor_pickup_lv3,35,0
"","",incapshield_pickup_lv3,30,0
"","","",0,0
"",medic_super_solo,"",0,3
"","",Helmet_3,35,0
"","",Armor_3,35,0
"","",health_pickup_combo_full,30,0
"","","",0,0
"",medic_super_side,"",0,1
"","",Health_1,95,0
"","",mp_ability_mobile_respawn_beacon,5,0
"","","",0,0
"",weapon_super,"",0,1
"","",Weapon_High,100,0
"","","",0,0
"",Tick_Epic_Items,"",0,3
"","",Hopup_Gold,2,0
"","",armor_pickup_lv3,15,0
"","",armor_pickup_lv4_all_fast,1,0
"","",helmet_pickup_lv3,8,0
"","",helmet_pickup_lv4_abilities,1,0
"","",backpack_pickup_lv3,8,0
"","",backpack_pickup_lv4_revive_boost,1,0
"","",incapshield_pickup_lv3,8,0
"","",incapshield_pickup_lv4_selfrevive,1,0
"","",health_pickup_combo_full,9,0
"","",shotgun_bolt_l3,9,0
"","",highcal_mag_l3,9,0
"","",energy_mag_l3,9,0
"","",sniper_mag_l3,6,0
"","",stock_sniper_l3,9,0
"","",stock_tactical_l3,9,0
"","",barrel_stabilizer_l3,9,0
"","",laser_sight_l3,9,0
"","","",0,0
"",loottick_static_01,"",0,3
"","",Zone_Medium,40,0
"","",health_pickup_combo_large,30,0
"","",health_pickup_health_large,30,0
"","","",0,0
"",loottick_static_02,"",0,3
"","",Tick_Epic_Items,97.5,0
"","",gold_weapons,2.5,0
"","","",0,0
"",loottick_static_03,"",0,3
"","",Zone_High,90,0
"","",Tick_Epic_Items,10,0
"","","",0,0
"",LootTick_MultiStage_04,"",0,3
"","",Weapon_High,31,0
"","",ammo,11,0
"","",Attachment_High,38,0
"","",ordnance,7,0
"","",Armor_High,10,0
"","",Helmet_High,3,0
"","","",0,0
"",phaselockbox_contents_01,"",0,0
"","",Zone_Medium,40,0
"","",health_pickup_combo_large,30,0
"","",health_pickup_health_large,30,0
"","","",0,0
"",phaselockbox_contents_02,"",0,0
"","",Zone_High,97.5,0
"","",gold_weapons,2.5,0
"","","",0,0
"",phaselockbox_contents_epic,"",0,0
"","",armor_pickup_lv3,6.5,0
"","",armor_pickup_lv4_all_fast,1.5,0
"","",helmet_pickup_lv3,6.5,0
"","",helmet_pickup_lv4_abilities,2.25,0
"","",backpack_pickup_lv3,6.5,0
"","",backpack_pickup_lv4_revive_boost,1.5,0
"","",incapshield_pickup_lv3,6.5,0
"","",incapshield_pickup_lv4_selfrevive,2.5,0
"","",shotgun_bolt_l3,8.25,0
"","",highcal_mag_l3,8.25,0
"","",energy_mag_l3,8.25,0
"","",sniper_mag_l3,8.25,0
"","",stock_sniper_l3,8.25,0
"","",stock_tactical_l3,8.25,0
"","",laser_sight_l3,8.25,0
"","",barrel_stabilizer_l3,8.25,0
"","",gold_weapons,0.25,0
"","","",0,0
"",phaselockbox_contents_legendary,"",0,0
"","",armor_pickup_lv4_all_fast,8,0
"","",helmet_pickup_lv4_abilities,15,0
"","",backpack_pickup_lv4_revive_boost,13,0
"","",incapshield_pickup_lv4_selfrevive,13,0
"","",optic_cq_threat,16,0
"","",Hopup_Gold,16,0
"","",bullets_mag_l4,8,0
"","",highcal_mag_l4,8,0
"","",energy_mag_l4,8,0
"","",sniper_mag_l4,8,0
"","",gold_weapons,1,0
"","","",0,0
"",care_package_1_L,"",0,0
"","",top_tier_health,100,0
"","","",0,0
"",care_package_1_R,"",0,0
"","",top_tier_inventory,100,0
"","","",0,0
"",care_package_1_C,"",0,0
"","",crate_jackpot_items,50,0
"","",crate_weapons_earlygame,50,0
"","",crate_weapons_valentines,0,0
"","","",0,0
"",care_package_1_Cb,"",0,0
"","",gold_weapons,5,0
"","",Weapon_High,95,0
"","","",0,0
"",care_package_2_L,"",0,0
"","",top_tier_health,100,0
"","","",0,0
"",care_package_2_R,"",0,0
"","",top_tier_inventory,100,0
"","","",0,0
"",care_package_2_C,"",0,0
"","",crate_jackpot_items,25,0
"","",crate_weapons_midgame,75,0
"","",crate_weapons_valentines,0,0
"","","",0,0
"",care_package_2_Cb,"",0,0
"","",gold_weapons,25,0
"","",Weapon_High,75,0
"","","",0,0
"",care_package_3_L,"",0,0
"","",top_tier_health,100,0
"","","",0,0
"",care_package_3_R,"",0,0
"","",top_tier_inventory,100,0
"","","",0,0
"",care_package_3_C,"",0,0
"","",crate_jackpot_items,0,0
"","",crate_weapons_lategame,100,0
"","",crate_weapons_valentines,0,0
"","","",0,0
"",care_package_3_Cb,"",0,0
"","",gold_weapons,50,0
"","",Weapon_High,50,0
"","","",0,0
"",care_package_final_armor_or_health,"",0,0
"","",armor_pickup_lv4_all_fast,50,0
"","",health_pickup_combo_full,16,0
"","",health_pickup_combo_large,17,0
"","",health_pickup_health_large,17,0
"","","",0,0
"",heatwave_care_package,"",0,0
"","",helmet_pickup_lv5_sunglasses,100,0
"","","",0,0
"",Desertlands_Train,"",0,0
"","",Zone_Medium,50,0
"","",Zone_High,50,0
"","","",0,0
"",Desertlands_Train_Station,"",0,0
"","",Weapon_Medium,23,0
"","",ammo,13,0
"","",Health_Low,16,0
"","",ordnance,12,0
"","",Attachment_Low,18,0
"","",Armor_Medium,8,0
"","",Helmet_Low,1,0
"","",Backpack_Low,8,0
"","",Incapshield_Low,1,0
"","","",0,0
"",Bldg_Hovertank,"",0,3
"","",Tick_Epic_Items,0.5,0
"","",Weapon_High,33.6,0
"","",Zone_Hovertank_Random,65.9,0
"","","",0,0
"",Zone_Hovertank_Random,"",0,3
"","",ammo,7,0
"","",Health_High,24,0
"","",ordnance,24,0
"","",Attachment_High,24,0
"","",Armor_High,3,0
"","",Helmet_High,4,0
"","",Backpack_High,10,0
"","",Incapshield_High,4,0
"","","",0,0
"",Bldg_SupplyShip,"",0,3
"","",Weapon_High,70,0
"","",Zone_SupplyShip_Random,30,0
"","","",0,0
"",Zone_SupplyShip_Random,"",0,3
"","",ammo,10,0
"","",Health_High,26,0
"","",ordnance,20,0
"","",Attachment_Low,21,0
"","",Armor_1,23,0
"","","",0,0
"",SupplyShip_Bin_GoodStuff,"",0,0
"","",Armor_3,6,0
"","",Armor_2,26,0
"","",Helmet_3,11,0
"","",Helmet_2,12,0
"","",Incapshield_3,5,0
"","",Incapshield_2,10,0
"","",Backpack_3,6,0
"","",Backpack_2,22,0
"","",Incapshield_High,2,0
"","","",0,0
"",POI_sniper,"",0,3
"","",sniper_rifles,50,0
"","",sniper_attachments,50,0
"","","",0,0
"",sniper_rifles,"",0,2
"","",mp_weapon_g2,30,0
"","",mp_weapon_dmr,34,0
"","",mp_weapon_defender,8,0
"","",mp_weapon_doubletake,25,0
"","",mp_weapon_sentinel,33,0
"","","",0,0
"",sniper_attachments,"",0,2
"","",optic_ranged_aog_variable,10,0
"","",optic_sniper,10,0
"","",optic_sniper_variable,5,0
"","",optic_cq_threat,5,0
"","",bullets_mag_l1,5,0
"","",bullets_mag_l2,5,0
"","",bullets_mag_l3,5,0
"","",highcal_mag_l1,5,0
"","",highcal_mag_l2,5,0
"","",highcal_mag_l3,5,0
"","",energy_mag_l1,5,0
"","",energy_mag_l2,5,0
"","",energy_mag_l3,5,0
"","",sniper_mag_l1,7,0
"","",sniper_mag_l2,7,0
"","",sniper_mag_l3,7,0
"","",stock_sniper_l1,5,0
"","",stock_sniper_l2,5,0
"","",stock_sniper_l3,5,0
"","",barrel_stabilizer_l1,5,0
"","",barrel_stabilizer_l2,5,0
"","",barrel_stabilizer_l3,5,0
"","","",0,0
"",flyer_deathbox_all_gold,"",0,0
"","",gold_weapons,37.5,0
"","",helmet_pickup_lv4_abilities,10,0
"","",armor_pickup_lv4_all_fast,5,0
"","",incapshield_pickup_lv4_selfrevive,5,0
"","",backpack_pickup_lv4_revive_boost,10,0
"","",optic_cq_threat,2.5,0
"","",optic_sniper_threat,2.5,0
"","",bullets_mag_l4,1.5,0
"","",highcal_mag_l4,1.5,0
"","",energy_mag_l4,1.5,0
"","",sniper_mag_l4,1.5,0
"","",Hopup_Gold,5,0
"","","",0,0
"",flyer_deathbox_all_purple,"",0,0
"","",health_pickup_combo_full,10,0
"","",helmet_pickup_lv3,10,0
"","",armor_pickup_lv3,10,0
"","",incapshield_pickup_lv3,10,0
"","",backpack_pickup_lv3,10,0
"","",optic_ranged_hcog,2.5,0
"","",optic_ranged_aog_variable,2.5,0
"","",optic_sniper_variable,2.5,0
"","",laser_sight_l3,2.5,0
"","",barrel_stabilizer_l3,2.5,0
"","",bullets_mag_l3,2.5,0
"","",highcal_mag_l3,2.5,0
"","",energy_mag_l3,2.5,0
"","",sniper_mag_l3,1.5,0
"","",shotgun_bolt_l3,5,0
"","",stock_tactical_l3,2.5,0
"","",stock_sniper_l3,2.5,0
"","",Hopup_Purple,0,0
"","","",0,0
"",flyer_deathbox_all_blue,"",0,0
"","",health_pickup_health_large,10,0
"","",health_pickup_combo_large,5,0
"","",helmet_pickup_lv2,10,0
"","",armor_pickup_lv2,10,0
"","",incapshield_pickup_lv2,10,0
"","",backpack_pickup_lv2,10,0
"","",optic_cq_hcog_bruiser,5,0
"","",optic_cq_holosight_variable,5,0
"","",optic_sniper,5,0
"","",laser_sight_l2,5,0
"","",barrel_stabilizer_l2,5,0
"","",bullets_mag_l2,5,0
"","",highcal_mag_l2,2.5,0
"","",energy_mag_l2,2.5,0
"","",sniper_mag_l2,1.5,0
"","",shotgun_bolt_l2,2.5,0
"","",stock_tactical_l2,2.5,0
"","",stock_sniper_l2,2.5,0
"","","",0,0
"",flyer_deathbox_weapons,"",0,0
"","",Weapon_Low,35,0
"","",Weapon_Medium,35,0
"","",Weapon_High,30,0
"","","",0,0
"",flyer_deathbox_armor,"",0,0
"","",Armor_1,35,0
"","",Armor_2,35,0
"","",Armor_3,30,0
"","","",0,0
"",flyer_deathbox_helmet,"",0,0
"","",Helmet_2,35,0
"","",Helmet_3,30,0
"","","",0,0
"",flyer_deathbox_backpack,"",0,0
"","",Backpack_1,35,0
"","",Backpack_2,35,0
"","",Backpack_3,30,0
"","","",0,0
"",flyer_deathbox_incapshield,"",0,0
"","",Incapshield_2,35,0
"","",Incapshield_3,30,0
"","","",0,0
"",flyer_deathbox_gadget,"",0,0
"","",mp_ability_mobile_respawn_beacon,10,0
"","",mp_ability_void_ring,30,0
"","",mp_ability_redeploy_balloon,30,0
"","","",0,0
"",flyer_deathbox_ordnance,"",0,0
"","",ordnance,100,0
"","","",0,0
"",flyer_deathbox_misc,"",0,0
"","",ammo,30,0
"","",Attachment_Low,10,0
"","",Attachment_Medium,10,0
"","",Attachment_High,15,0
"","",Health_Low,10,0
"","",Health_Medium,10,0
"","",Health_High,15,0
"","","",0,0
"",Airdrop_LTM_Rare_Health,"",0,2
"","",health_pickup_combo_large,50,0
"","",health_pickup_health_large,50,0
"","","",0,0
"",Airdrop_LTM_Epic_Health,"",0,3
"","",health_pickup_combo_full,20,0
"","",health_pickup_combo_large,40,0
"","",health_pickup_health_large,40,0
"","","",0,0
"",Zone_AirdropLTM,"",0,1
"","",Airdrop_LTM_R1_Pruned,24,0
"","",ammo,16,0
"","",Airdrop_LTM_Health_Confetti,12,0
"","",ordnance,7,0
"","",armor_pickup_lv1,4,0
"","",backpack_pickup_lv1,4,0
"","",mp_ability_mobile_respawn_beacon,1,0
"","",blank,32,0
"","","",0,0
"",Zone_AirdropLTM_Attachments,"",0,1
"","",Weapon_Low,29,0
"","",Airdrop_LTM_L1Attachments,6,0
"","",ammo,16,0
"","",Airdrop_LTM_Health_Confetti,12,0
"","",ordnance,7,0
"","",armor_pickup_lv1,4,0
"","",backpack_pickup_lv1,4,0
"","",blank,22,0
"","","",0,0
"",Airdrop_LTM_L1Attachments,"",0,1
"","",optic_cq_hcog_classic,10,0
"","",optic_cq_holosight,10,0
"","",barrel_stabilizer_l1,10,0
"","",stock_tactical_l1,10,0
"","",stock_sniper_l1,10,0
"","",bullets_mag_l1,10,0
"","",highcal_mag_l1,10,0
"","",energy_mag_l1,10,0
"","",sniper_mag_l1,10,0
"","",shotgun_bolt_l1,10,0
"","","",0,0
"",Airdrop_LTM_Lifeline_Super,"",0,3
"","",helmet_pickup_lv3,35,0
"","",armor_pickup_lv3,35,0
"","",incapshield_pickup_lv3,30,0
"","","",0,0
"",Airdrop_LTM_Confetti,"",0,0
"","",ordnance,15,0
"","",Airdrop_LTM_Health_Confetti,35,0
"","",Airdrop_LTM_Ammo_Confetti,50,0
"","","",0,0
"",Airdrop_LTM_Health_Confetti,"",0,0
"","",health_pickup_combo_small,50,0
"","",health_pickup_health_small,50,0
"","","",0,0
"",Airdrop_LTM_AmmoOrd_Confetti,"",0,0
"","",ordnance,50,0
"","",Airdrop_LTM_Ammo_Confetti,50,0
"","","",0,0
"",Airdrop_LTM_Ammo_Confetti,"",0,0
"","",bullet,24,0
"","",shotgun,10,0
"","",highcal,28,0
"","",special,24,0
"","",sniper,14,0
"","","",0,0
"",Airdrop_LTM_Cluster_HealthOrd,"",0,1
"","",Health_1,60,0
"","",ordnance_drops,40,0
"","","",0,0
"",Airdrop_Takeover_R1_Cluster_Equipment,"",0,1
"","",backpack_pickup_lv1,50,0
"","",armor_pickup_lv1,50,0
"","","",0,0
"",Airdrop_Takeover_R2_Cluster_Equipment,"",0,1
"","",helmet_pickup_lv2,18,0
"","",backpack_pickup_lv2,23,0
"","",incapshield_pickup_lv2,18,0
"","",armor_pickup_lv2,41,0
"","","",0,0
"",Airdrop_Takeover_R3_Cluster_Equipment,"",0,1
"","",helmet_pickup_lv3,20,0
"","",backpack_pickup_lv3,23,0
"","",incapshield_pickup_lv3,20,0
"","",armor_pickup_lv3,37,0
"","","",0,0
"",Airdrop_Takeover_R4_Cluster_Equipment,"",0,1
"","",helmet_pickup_lv4_abilities,25,0
"","",backpack_pickup_lv4_revive_boost,25,0
"","",incapshield_pickup_lv4_selfrevive,25,0
"","",armor_pickup_lv4_all_fast,25,0
"","","",0,0
"",Airdrop_Takeover_R5_Cluster_Equipment,"",0,1
"","",armor_pickup_lv5_evolving,100,0
"","","",0,0
"",Airdrop_LTM_R1_Cluster_Equipment,"",0,1
"","",backpack_pickup_lv1,50,0
"","",armor_pickup_lv1,50,0
"","","",0,0
"",Airdrop_LTM_R2_Cluster_Equipment,"",0,1
"","",helmet_pickup_lv2,18,0
"","",backpack_pickup_lv2,23,0
"","",incapshield_pickup_lv2,18,0
"","",armor_pickup_lv2,41,0
"","","",0,0
"",Airdrop_LTM_R3_Cluster_Equipment,"",0,1
"","",helmet_pickup_lv3,20,0
"","",backpack_pickup_lv3,23,0
"","",incapshield_pickup_lv3,20,0
"","",armor_pickup_lv3,37,0
"","","",0,0
"",Airdrop_LTM_R4_Cluster_Equipment,"",0,1
"","",helmet_pickup_lv4_abilities,25,0
"","",backpack_pickup_lv4_revive_boost,25,0
"","",incapshield_pickup_lv4_selfrevive,25,0
"","",armor_pickup_lv4_all_fast,25,0
"","","",0,0
"",Airdrop_LTM_Hotzone_Pruned,"",0,1
"","",mp_weapon_semipistol_gold,25,0
"","",mp_weapon_shotgun_pistol_gold,25,0
"","",mp_weapon_wingman_gold,20,0
"","",mp_weapon_shotgun_gold,20,0
"","",mp_weapon_dmr_gold,10,0
"","","",0,0
"",Airdrop_LTM_R1_Pruned,"",0,1
"","",mp_weapon_semipistol,20,0
"","",mp_weapon_autopistol,20,0
"","",mp_weapon_shotgun_pistol,16,0
"","",mp_weapon_wingman,10,0
"","",mp_weapon_alternator_smg,10,0
"","",mp_weapon_shotgun,8,0
"","",mp_weapon_dmr,4,0
"","",mp_weapon_defender,4,0
"","","",0,0
"",Airdrop_LTM_R1_Armor_Pruned,"",0,1
"","",Airdrop_LTM_R1_Pruned,50,0
"","",armor_pickup_lv1,50,0
"","","",0,0
"",Airdrop_LTM_R2_Pruned,"",0,2
"","",mp_weapon_mastiff_blueset,19,0
"","",mp_weapon_shotgun_blueset,19,0
"","",mp_weapon_wingman_blueset,14,0
"","",mp_weapon_lmg_blueset,19,0
"","",mp_weapon_alternator_smg_blueset,19,0
"","",mp_weapon_defender_blueset,10,0
"","","",0,0
"",Airdrop_LTM_R2_Armor_Pruned,"",0,2
"","",Airdrop_LTM_R2_Pruned,45,0
"","",armor_pickup_lv2,55,0
"","","",0,0
"",Airdrop_LTM_R3_Pruned,"",0,3
"","",mp_weapon_pdw_purpleset,20,0
"","",mp_weapon_shotgun_purpleset,20,0
"","",mp_weapon_mastiff_purpleset,20,0
"","",mp_weapon_g2_purpleset,20,0
"","",mp_weapon_doubletake_purpleset,20,0
"","",mp_weapon_volt_smg_purpleset,20,0
"","",mp_weapon_rspn101_purpleset,20,0
"","",mp_weapon_vinson_purpleset,20,0
"","","",0,0
"",Airdrop_LTM_R3_Armor_Pruned,"",0,3
"","",Airdrop_LTM_R3_Pruned,65,0
"","",armor_pickup_lv3,35,0
"","","",0,0
"",Airdrop_LTM_R4_Pruned,"",0,3
"","",mp_weapon_esaw_gold,20,0
"","",mp_weapon_r97_gold,20,0
"","",mp_weapon_dmr_gold,20,0
"","",mp_weapon_rspn101_gold,20,0
"","",mp_weapon_volt_smg_gold,20,0
"","",mp_weapon_vinson_gold,20,0
"","","",0,0
"",Airdrop_LTM_R4_Armor_Pruned,"",0,3
"","",Airdrop_LTM_R4_Pruned,80,0
"","",armor_pickup_lv4_all_fast,20,0
"","","",0,0
"",Airdrop_LTM_R1,"",0,1
"","",white_kitted_weapons,100,0
"","","",0,0
"",Airdrop_LTM_R1_Armor,"",0,1
"","",white_kitted_weapons,50,0
"","",Airdrop_LTM_Armor_Low,50,0
"","","",0,0
"",Airdrop_LTM_R1_R2,"",0,1
"","",white_kitted_weapons,80,0
"","",blue_kitted_weapons,20,0
"","","",0,0
"",Airdrop_LTM_R2,"",0,2
"","",blue_kitted_weapons,100,0
"","","",0,0
"",Airdrop_LTM_R2_Armor,"",0,2
"","",blue_kitted_weapons,60,0
"","",Airdrop_LTM_Armor_Medium,40,0
"","","",0,0
"",Airdrop_LTM_R2_R3,"",0,1
"","",blue_kitted_weapons,90,0
"","",purple_kitted_weapons,10,0
"","","",0,0
"",Airdrop_LTM_R3,"",0,3
"","",purple_kitted_weapons,100,0
"","","",0,0
"",Airdrop_LTM_R3_Armor,"",0,3
"","",purple_kitted_weapons,70,0
"","",Airdrop_LTM_Armor_High,30,0
"","","",0,0
"",Airdrop_LTM_R3_R4,"",0,1
"","",purple_kitted_weapons,90,0
"","",gold_kitted_weapons,10,0
"","","",0,0
"",Airdrop_LTM_R4,"",0,3
"","",gold_kitted_weapons,100,0
"","","",0,0
"",Airdrop_LTM_R4_Armor,"",0,3
"","",gold_kitted_weapons,80,0
"","",armor_pickup_lv4_all_fast,20,0
"","","",0,0
"",Airdrop_LTM_R4_R5,"",0,1
"","",gold_kitted_weapons,30,0
"","",Airdrop_LTM_R4_Armor,50,0
"","",Airdrop_LTM_R5,20,0
"","","",0,0
"",Airdrop_LTM_R5,"",0,3
"","",mp_weapon_bow,40,0
"","",mp_weapon_sniper,20,0
"","","",0,0
"",Airdrop_LTM_Armor_Low,"",0,1
"","",armor_pickup_lv1,100,0
"","","",0,0
"",Airdrop_LTM_Armor_Medium,"",0,2
"","",armor_pickup_lv1,25,0
"","",armor_pickup_lv2,70,0
"","",armor_pickup_lv3,5,0
"","","",0,0
"",Airdrop_LTM_Armor_High,"",0,3
"","",armor_pickup_lv2,25,0
"","",armor_pickup_lv3,70,0
"","",armor_pickup_lv4_all_fast,5,0
"","","",0,0
"",data_knife_vault,"",0,0
"","",Hopup_Gold,5,0
"","",armor_pickup_lv3,2,0
"","",armor_pickup_lv4_all_fast,2,0
"","",helmet_pickup_lv3,4,0
"","",helmet_pickup_lv4_abilities,3,0
"","",backpack_pickup_lv3,5,0
"","",backpack_pickup_lv4_revive_boost,3,0
"","",incapshield_pickup_lv3,5,0
"","",incapshield_pickup_lv4_selfrevive,3,0
"","",health_pickup_combo_full,3,0
"","",shotgun_bolt_l3,3,0
"","",bullets_mag_l3,3,0
"","",highcal_mag_l3,3,0
"","",sniper_mag_l3,3,0
"","",stock_sniper_l3,3,0
"","",stock_tactical_l3,4,0
"","",laser_sight_l3,4,0
"","",barrel_stabilizer_l3,4,0
"","","",0,0
"","","",0,0
"","","",0,0
"","","",0,0
"","","",0,0
"",loot_roller_contents_01,"",0,0
"","",Zone_Medium,40,0
"","",health_pickup_combo_large,30,0
"","",health_pickup_health_large,30,0
"","","",0,0
"",loot_roller_contents_02,"",0,0
"","",Zone_High,97.5,0
"","",gold_weapons,2.5,0
"","","",0,0
"",loot_roller_contents_common,"",0,0
"","",shotgun_bolt_l1,7,0
"","",highcal_mag_l1,7,0
"","",energy_mag_l1,7,0
"","",bullets_mag_l1,7,0
"","",sniper_mag_l1,5,0
"","",health_pickup_health_small,0,0
"","",health_pickup_combo_small,0,0
"","",health_pickup_health_large,6,0
"","",health_pickup_combo_large,7,0
"","",optic_cq_hcog_classic,10,0
"","",optic_cq_holosight,10,0
"","",laser_sight_l1,7,0
"","",barrel_stabilizer_l1,8,0
"","",stock_tactical_l1,8,0
"","",stock_sniper_l1,5,0
"","","",0,0
"",loot_roller_contents_rare,"",0,0
"","",armor_pickup_lv2,7,0
"","",backpack_pickup_lv2,8,0
"","",helmet_pickup_lv2,8,0
"","",incapshield_pickup_lv2,8,0
"","",shotgun_bolt_l2,6,0
"","",highcal_mag_l2,6,0
"","",energy_mag_l2,6,0
"","",bullets_mag_l2,6,0
"","",sniper_mag_l2,4,0
"","",health_pickup_ultimate,3,0
"","",optic_cq_hcog_bruiser,7,0
"","",optic_cq_holosight_variable,6,0
"","",laser_sight_l2,6,0
"","",barrel_stabilizer_l2,6,0
"","",stock_tactical_l2,6,0
"","",stock_sniper_l2,4,0
"","",mp_ability_void_ring,3,0
"","","",0,0
"",loot_roller_contents_epic,"",0,0
"","",armor_pickup_lv3,7,0
"","",armor_pickup_lv4_all_fast,0.5,0
"","",helmet_pickup_lv3,7,0
"","",helmet_pickup_lv4_abilities,0.5,0
"","",backpack_pickup_lv3,7,0
"","",backpack_pickup_lv4_revive_boost,0.5,0
"","",incapshield_pickup_lv3,7,0
"","",incapshield_pickup_lv4_selfrevive,0.5,0
"","",shotgun_bolt_l3,8,0
"","",bullets_mag_l3,8,0
"","",highcal_mag_l3,8,0
"","",energy_mag_l3,8,0
"","",sniper_mag_l3,6,0
"","",stock_sniper_l3,5,0
"","",stock_tactical_l3,9,0
"","",laser_sight_l3,9,0
"","",barrel_stabilizer_l3,9,0
"","","",0,0
"",loot_roller_contents_legendary,"",0,0
"","",armor_pickup_lv4_all_fast,9,0
"","",helmet_pickup_lv4_abilities,11,0
"","",backpack_pickup_lv4_revive_boost,11,0
"","",incapshield_pickup_lv4_selfrevive,11,0
"","",optic_cq_threat,8,0
"","",Hopup_Gold,8,0
"","",bullets_mag_l4,9,0
"","",highcal_mag_l4,9,0
"","",energy_mag_l4,9,0
"","",shotgun_bolt_l4,9,0
"","",sniper_mag_l4,4,0
"","",gold_weapons,2,0
"","","",0,0
"",loot_roller_contents_03,"",0,0
"","",loot_roller_contents_common,20,0
"","",loot_roller_contents_rare,35,0
"","",loot_roller_contents_epic,35,0
"","",loot_roller_contents_legendary,10,0
"","","",0,0
"",care_package_PE_mid_L,"",0,0
"","",doubler_flag,100,0
"","","",0,0
"",care_package_PE_mid_R,"",0,0
"","",armor_pickup_lv3,100,0
"","","",0,0
"",care_package_PE_mid_C,"",0,0
"","",Weapon_High,50,0
"","",crate_weapons_midgame,50,0
"","","",0,0
"",care_package_PE_late_L,"",0,0
"","",quadrupler_flag,100,0
"","","",0,0
"",care_package_PE_late_R,"",0,0
"","",armor_pickup_lv4_all_fast,100,0
"","","",0,0
"",care_package_PE_late_C,"",0,0
"","",crate_weapons_lategame,100,0
"","","",0,0
"","","",0,0
"",secret_bin_loot,"",0,0
"","",secret_bin_loot_meds,1,0
"","","",0,0
"",secret_bin_loot_survival,"",0,0
"","",secret_bin_loot_survival_heatshield,2,0
"","",secret_bin_loot_survival_respawn,1,0
"","",mp_ability_redeploy_balloon,2,0
"","",secret_bin_loot_improved,3,0
"","","",0,0
"",secret_bin_loot_meds,"",0,0
"","",health_pickup_health_small,12,0
"","",health_pickup_combo_small,15,0
"","",health_pickup_health_large,8,0
"","",health_pickup_combo_full,4,0
"","",health_pickup_combo_large,8,0
"","","",0,0
"",support_bin_loot_tier_1,"",0,0
"","",health_pickup_health_small,15,0
"","",health_pickup_combo_small,15,0
"","",health_pickup_health_large,8,0
"","",health_pickup_combo_full,4,0
"","",health_pickup_combo_large,8,0
"","","",0,0
"",support_bin_loot_tier_2,"",0,0
"","",health_pickup_health_small,10,0
"","",health_pickup_combo_small,12,0
"","",health_pickup_health_large,10,0
"","",health_pickup_combo_full,5,0
"","",health_pickup_combo_large,10,0
"","","",0,0
"",support_bin_loot_tier_3,"",0,0
"","",health_pickup_health_small,5,0
"","",health_pickup_combo_small,5,0
"","",health_pickup_health_large,10,0
"","",health_pickup_combo_full,5,0
"","",health_pickup_combo_large,10,0
"","","",0,0
"",support_bin_loot_tier_4,"",0,0
"","",health_pickup_health_small,2,0
"","",health_pickup_combo_small,2,0
"","",health_pickup_health_large,12,0
"","",health_pickup_combo_full,10,0
"","",health_pickup_combo_large,15,0
"","","",0,0
"",support_bin_loot_tier_5,"",0,0
"","",health_pickup_health_large,12,0
"","",health_pickup_combo_full,10,0
"","",health_pickup_combo_large,15,0
"","","",0,0
"",secret_bin_loot_tier_1,"",0,0
"","",support_bin_loot_tier_1,20,0
"","",secret_bin_loot_improved,2,0
"","","",0,0
"",secret_bin_loot_tier_2,"",0,0
"","",support_bin_loot_tier_2,10,0
"","",secret_bin_loot_improved,5,0
"","","",0,0
"",secret_bin_loot_tier_3,"",0,0
"","",support_bin_loot_tier_3,5,0
"","",secret_bin_loot_improved,5,0
"","","",0,0
"",secret_bin_loot_tier_4,"",0,0
"","",support_bin_loot_tier_4,3,0
"","",secret_bin_loot_improved,6,0
"","","",0,0
"",secret_bin_loot_tier_5,"",0,0
"","",support_bin_loot_tier_5,1,0
"","","",0,0
"",secret_bin_loot_improved,"",0,0
"","",health_pickup_health_large,8,0
"","",health_pickup_combo_full,4,0
"","",health_pickup_combo_large,8,0
"","","",0,0
"",secret_bin_loot_survival_heatshield,"",0,0
"","",mp_ability_void_ring,1,0
"","","",0,0
"",secret_bin_loot_survival_respawn,"",0,0
"","",mp_ability_mobile_respawn_beacon,1,0
"","","",0,0
"",secret_bin_loot_big_heal,"",0,0
"","",health_pickup_health_large,2,0
"","",health_pickup_combo_large,8,0
"","","",0,0
"",secret_bin_loot_small_heal,"",0,0
"","",health_pickup_health_small,3,0
"","",health_pickup_combo_small,7,0
"","","",0,0
"",attachments_hopups_only,"",0,0
"","",Hopup_Gold,2,0
"","",Hopup_Purple,6,0
"","","",0,0
"",bunker_zone_5,"",0,0
"","",Zone_High,100,0
"","","",0,0
"",bunker_zone_6,"",0,0
"","",Zone_High,100,0
"","","",0,0
"",bunker_zone_12,"",0,0
"","",Zone_High,100,0
"","","",0,0
"","","",0,0
"",Attachment_L1,"",0,0
"","",optic_cq_hcog_classic,15,0
"","",optic_cq_holosight,15,0
"","",bullets_mag_l1,10,0
"","",highcal_mag_l1,10,0
"","",energy_mag_l1,4,0
"","",sniper_mag_l1,6,0
"","",shotgun_bolt_l1,10,0
"","",stock_tactical_l1,8,0
"","",stock_sniper_l1,4,0
"","",laser_sight_l1,10,0
"","",barrel_stabilizer_l1,10,0
"","","",0,0
"",Attachment_L2,"",0,0
"","",optic_cq_hcog_bruiser,15,0
"","",optic_cq_holosight_variable,15,0
"","",bullets_mag_l2,10,0
"","",highcal_mag_l2,10,0
"","",energy_mag_l2,4,0
"","",sniper_mag_l2,6,0
"","",shotgun_bolt_l2,10,0
"","",stock_tactical_l2,8,0
"","",stock_sniper_l2,4,0
"","",laser_sight_l2,10,0
"","",barrel_stabilizer_l2,10,0
"","","",0,0
"",Attachment_L3,"",0,0
"","",optic_sniper_variable,10,0
"","",optic_ranged_aog_variable,10,0
"","",optic_ranged_hcog,10,0
"","",bullets_mag_l3,10,0
"","",highcal_mag_l3,10,0
"","",energy_mag_l3,4,0
"","",sniper_mag_l3,6,0
"","",shotgun_bolt_l3,10,0
"","",stock_tactical_l3,8,0
"","",stock_sniper_l3,4,0
"","",laser_sight_l3,10,0
"","",barrel_stabilizer_l3,10,0
"","","",0,0
"",Attachment_L4,"",0,0
"","",bullets_mag_l4,22,0
"","",highcal_mag_l4,22,0
"","",energy_mag_l4,22,0
"","",sniper_mag_l4,12,0
"","",shotgun_bolt_l4,22,0
"","","",0,0
"",pathtt_loot_roller_contents_common,"",0,0
"","",Backpack_1,30,0
"","",Attachment_L1,35,0
"","",Health_1,35,0
"","","",0,0
"",pathtt_loot_roller_contents_rare,"",0,0
"","",Incapshield_2,25,0
"","",Backpack_2,20,0
"","",Attachment_L2,25,0
"","",Health_2,25,0
"","",Helmet_2,5,0
"","","",0,0
"",pathtt_loot_roller_contents_epic,"",0,0
"","",Incapshield_3,20,0
"","",Backpack_3,25,0
"","",Attachment_L3,25,0
"","",Health_3,10,0
"","",attachments_hopups_only,15,0
"","",Helmet_3,5,0
"","","",0,0
"",pathtt_loot_roller_contents_legendary,"",0,0
"","",incapshield_pickup_lv4_selfrevive,20,0
"","",backpack_pickup_lv4_revive_boost,25,0
"","",optic_sniper_threat,4,0
"","",optic_cq_threat,8,0
"","",bullets_mag_l4,5,0
"","",highcal_mag_l4,5,0
"","",energy_mag_l4,4,0
"","",sniper_mag_l4,2,0
"","",Hopup_Gold,15,0
"","",helmet_pickup_lv4_abilities,20,0
"","","",0,0
"",Explosive_Hold_Attachments,"",0,0
"","",optic_cq_hcog_bruiser,5,0
"","",optic_cq_holosight_variable,4,0
"","",optic_ranged_hcog,5,0
"","",optic_ranged_aog_variable,3,0
"","",optic_sniper,2,0
"","",optic_sniper_variable,2,0
"","",optic_cq_threat,1,0
"","",bullets_mag_l2,3,0
"","",bullets_mag_l3,2,0
"","",bullets_mag_l4,1,0
"","",highcal_mag_l2,3,0
"","",highcal_mag_l3,2,0
"","",highcal_mag_l4,1,0
"","",energy_mag_l2,3,0
"","",energy_mag_l3,2,0
"","",energy_mag_l4,1,0
"","",sniper_mag_l3,3,0
"","",sniper_mag_l4,1,0
"","",shotgun_bolt_l2,4,0
"","",shotgun_bolt_l3,4,0
"","",shotgun_bolt_l4,1,0
"","",stock_tactical_l2,6,0
"","",stock_tactical_l3,4,0
"","",stock_sniper_l3,4,0
"","",laser_sight_l2,7,0
"","",laser_sight_l3,7,0
"","",barrel_stabilizer_l2,7,0
"","",barrel_stabilizer_l3,7,0
"","",Hopup_Gold,3,0
"","",Hopup_Purple,0,0
"","","",0,0
"",marvin_contents_epic,"",0,0
"","",armor_pickup_lv3,6.5,0
"","",helmet_pickup_lv3,6.5,0
"","",backpack_pickup_lv3,6.5,0
"","",incapshield_pickup_lv3,6.5,0
"","",Hopup_Purple,0,0
"","",shotgun_bolt_l3,8.25,0
"","",highcal_mag_l3,8.25,0
"","",energy_mag_l3,8.25,0
"","",sniper_mag_l3,6.5,0
"","",stock_sniper_l3,8.25,0
"","",stock_tactical_l3,8.25,0
"","",laser_sight_l3,8.25,0
"","",barrel_stabilizer_l3,8.25,0
"","",mp_ability_void_ring,0.5,0
"","",mp_ability_redeploy_balloon,0.5,0
"","","",0,0
"",Explosive_Hold_Ammo,"",0,0
"","",bullet,26,0
"","",shotgun,2,0
"","",highcal,32,0
"","",special,26,0
"","",sniper,14,0
"","","",0,0
"",Sniper_Tower_Platform,"",0,0
"","",sniper_rifles,50,0
"","",sniper_attachments,50,0
"","","",0,0
"",caustictt_loot,"",0,0
"","",gold_weapons,1,0
"","",armor_pickup_lv3,4,0
"","",armor_pickup_lv4_all_fast,1,0
"","",helmet_pickup_lv3,4,0
"","",helmet_pickup_lv4_abilities,1,0
"","",backpack_pickup_lv3,4,0
"","",backpack_pickup_lv4_revive_boost,1,0
"","",incapshield_pickup_lv3,4,0
"","",incapshield_pickup_lv4_selfrevive,1,0
"","","",0,0
"",Zone_High_CausticTT,"",0,0
"","",Weapon_High,20.5,0
"","",ammo,12,0
"","",Health_High,14.5,0
"","",ordnance,9,0
"","",Attachment_High_nogold,18,0
"","",Armor_High_nogold,3,0
"","",Helmet_High_nogold,1,0
"","",Backpack_High_nogold,4,0
"","",Incapshield_High_nogold,1,0
"","",mp_ability_mobile_respawn_beacon,0.75,0
"","",mp_ability_void_ring,1,0
"","",mp_ability_redeploy_balloon,1,0
"","",blank,10.5,0
"","","",0,0
"",Attachment_High_nogold,"",0,3
"","",optic_cq_hcog_classic,4,0
"","",optic_cq_holosight,5,0
"","",optic_cq_hcog_bruiser,2,0
"","",optic_cq_holosight_variable,3,0
"","",optic_ranged_hcog,1,0
"","",optic_ranged_aog_variable,3,0
"","",optic_sniper,3,0
"","",optic_sniper_variable,3,0
"","",optic_cq_threat,1,0
"","",bullets_mag_l1,4,0
"","",bullets_mag_l2,4,0
"","",bullets_mag_l3,2.5,0
"","",highcal_mag_l1,4,0
"","",highcal_mag_l2,4,0
"","",highcal_mag_l3,2.5,0
"","",energy_mag_l1,4,0
"","",energy_mag_l2,4,0
"","",energy_mag_l3,2.5,0
"","",sniper_mag_l1,2.5,0
"","",sniper_mag_l2,2.5,0
"","",sniper_mag_l3,1.5,0
"","",shotgun_bolt_l1,5,0
"","",shotgun_bolt_l2,4,0
"","",shotgun_bolt_l3,3,0
"","",stock_tactical_l1,4.5,0
"","",stock_tactical_l2,5,0
"","",stock_tactical_l3,2.5,0
"","",stock_sniper_l1,2.75,0
"","",stock_sniper_l2,3,0
"","",stock_sniper_l3,1,0
"","",laser_sight_l1,6.5,0
"","",laser_sight_l2,5,0
"","",laser_sight_l3,1.5,0
"","",barrel_stabilizer_l1,6.5,0
"","",barrel_stabilizer_l2,5,0
"","",barrel_stabilizer_l3,1.5,0
"","",Hopup_Gold,1,0
"","",Hopup_Purple,6,0
"","",blank,1.5,0
"","","",0,0
"",arenas_white_airdrop_weapons,"",0,3
"","",mp_weapon_wingman_whiteset,7,0
"","",mp_weapon_autopistol_whiteset,7,0
"","",mp_weapon_shotgun_whiteset,7,0
"","",mp_weapon_alternator_smg_whiteset,7,0
"","",mp_weapon_g2_whiteset,7,0
"","",mp_weapon_mastiff_whiteset,7,0
"","",mp_weapon_r97_whiteset,7,0
"","",mp_weapon_pdw_whiteset,7,0
"","",mp_weapon_vinson_whiteset,7,0
"","",mp_weapon_rspn101_whiteset,7,0
"","",mp_weapon_esaw_whiteset,7,0
"","",mp_weapon_lmg_whiteset,7,0
"","",mp_weapon_volt_smg_whiteset,7,0
"","",mp_weapon_3030_whiteset,7,0
"","",mp_weapon_nemesis_whiteset,7,0
"","",mp_weapon_dragon_lmg_whiteset,7,0
"","","",0,0
"",arenas_blue_airdrop_weapons,"",0,3
"","",mp_weapon_wingman_blueset,7,0
"","",mp_weapon_autopistol_blueset,7,0
"","",mp_weapon_shotgun_blueset,7,0
"","",mp_weapon_alternator_smg_blueset,7,0
"","",mp_weapon_g2_blueset,7,0
"","",mp_weapon_mastiff_blueset,7,0
"","",mp_weapon_r97_blueset,7,0
"","",mp_weapon_pdw_blueset,7,0
"","",mp_weapon_vinson_blueset,7,0
"","",mp_weapon_rspn101_blueset,7,0
"","",mp_weapon_lmg_blueset,7,0
"","",mp_weapon_volt_smg_blueset,7,0
"","",mp_weapon_doubletake_blueset,7,0
"","",mp_weapon_3030_blueset,7,0
"","",mp_weapon_nemesis_blueset,7,0
"","",mp_weapon_dragon_lmg_blueset,7,0
"","","",0,0
"",arenas_purple_airdrop_weapons,"",0,3
"","",mp_weapon_wingman_purpleset,7,0
"","",mp_weapon_autopistol_purpleset,7,0
"","",mp_weapon_shotgun_purpleset,7,0
"","",mp_weapon_alternator_smg_purpleset,7,0
"","",mp_weapon_g2_purpleset,7,0
"","",mp_weapon_mastiff_purpleset,7,0
"","",mp_weapon_r97_purpleset,7,0
"","",mp_weapon_pdw_purpleset,7,0
"","",mp_weapon_vinson_purpleset,7,0
"","",mp_weapon_rspn101_purpleset,7,0
"","",mp_weapon_esaw_purpleset,7,0
"","",mp_weapon_lmg_purpleset,7,0
"","",mp_weapon_volt_smg_purpleset,7,0
"","",mp_weapon_doubletake_purpleset,7,0
"","",mp_weapon_3030_purpleset,7,0
"","",mp_weapon_nemesis_purpleset,7,0
"","",mp_weapon_dragon_lmg_purpleset,7,0
"","","",0,0
"",arenas_gold_airdrop_weapons,"",0,3
"","",mp_weapon_wingman_gold,7,0
"","",mp_weapon_shotgun_gold,7,0
"","",mp_weapon_alternator_smg_gold,7,0
"","",mp_weapon_g2_gold,7,0
"","",mp_weapon_mastiff_gold,7,0
"","",mp_weapon_r97_gold,7,0
"","",mp_weapon_pdw_gold,7,0
"","",mp_weapon_vinson_gold,7,0
"","",mp_weapon_rspn101_gold,7,0
"","",mp_weapon_esaw_gold,7,0
"","",mp_weapon_lmg_gold,7,0
"","",mp_weapon_volt_smg_gold,7,0
"","",mp_weapon_doubletake_gold,7,0
"","",mp_weapon_3030_gold,7,0
"","",mp_weapon_nemesis_gold,7,0
"","",mp_weapon_dragon_lmg_gold,7,0
"","","",0,0
"",arenas_red_airdrop_weapons,"",0,3
"","",mp_weapon_bow,35,0
"","",mp_weapon_sniper,20,0
"","",mp_weapon_hemlok,50,0
"","",mp_weapon_lstar,50,0
"","","",0,0
"",control_blue_kitted_weapons,"",0,0
"","",mp_weapon_wingman_blueset,5,0
"","",mp_weapon_semipistol_blueset,0,0
"","",mp_weapon_autopistol_blueset,5,0
"","",mp_weapon_shotgun_pistol_blueset,0,0
"","",mp_weapon_shotgun_blueset,2,0
"","",mp_weapon_alternator_smg_blueset,5,0
"","",mp_weapon_g2_blueset,5,0
"","",mp_weapon_mastiff_blueset,5,0
"","",mp_weapon_r97_blueset,5,0
"","",mp_weapon_pdw_blueset,5,0
"","",mp_weapon_vinson_blueset,10,0
"","",mp_weapon_rspn101_blueset,10,0
"","",mp_weapon_esaw_blueset,10,0
"","",mp_weapon_lmg_blueset,10,0
"","",mp_weapon_dmr_blueset,10,0
"","",mp_weapon_doubletake_blueset,10,0
"","",mp_weapon_sentinel_blueset,5,0
"","",mp_weapon_defender_blueset,5,0
"","",mp_weapon_volt_smg_blueset,10,0
"","",mp_weapon_3030_blueset,5,0
"","",mp_weapon_nemesis_blueset,15,0
"","",mp_weapon_dragon_lmg_blueset,10,0
"","","",0,0
"",control_purple_kitted_weapons,"",0,0
"","",mp_weapon_wingman_purpleset,5,0
"","",mp_weapon_semipistol_purpleset,0,0
"","",mp_weapon_autopistol_purpleset,5,0
"","",mp_weapon_shotgun_pistol_purpleset,0,0
"","",mp_weapon_shotgun_purpleset,2,0
"","",mp_weapon_alternator_smg_purpleset,5,0
"","",mp_weapon_g2_purpleset,5,0
"","",mp_weapon_mastiff_purpleset,5,0
"","",mp_weapon_r97_purpleset,5,0
"","",mp_weapon_pdw_purpleset,5,0
"","",mp_weapon_vinson_purpleset,10,0
"","",mp_weapon_rspn101_purpleset,10,0
"","",mp_weapon_esaw_purpleset,10,0
"","",mp_weapon_lmg_purpleset,10,0
"","",mp_weapon_dmr_purpleset,10,0
"","",mp_weapon_doubletake_purpleset,10,0
"","",mp_weapon_sentinel_purpleset,5,0
"","",mp_weapon_defender_purpleset,5,0
"","",mp_weapon_volt_smg_purpleset,10,0
"","",mp_weapon_3030_purpleset,5,0
"","",mp_weapon_nemesis_purpleset,15,0
"","",mp_weapon_dragon_lmg_purpleset,10,0
"","","",0,0
"",control_gold_kitted_weapons,"",0,0
"","",mp_weapon_wingman_gold,5,0
"","",mp_weapon_semipistol_gold,0,0
"","",mp_weapon_autopistol_gold,5,0
"","",mp_weapon_shotgun_pistol_gold,0,0
"","",mp_weapon_shotgun_gold,2,0
"","",mp_weapon_alternator_smg_gold,5,0
"","",mp_weapon_g2_gold,5,0
"","",mp_weapon_mastiff_gold,5,0
"","",mp_weapon_r97_gold,5,0
"","",mp_weapon_pdw_gold,5,0
"","",mp_weapon_vinson_gold,10,0
"","",mp_weapon_rspn101_gold,10,0
"","",mp_weapon_esaw_gold,10,0
"","",mp_weapon_lmg_gold,10,0
"","",mp_weapon_dmr_gold,10,0
"","",mp_weapon_doubletake_gold,10,0
"","",mp_weapon_sentinel_gold,10,0
"","",mp_weapon_defender_gold,10,0
"","",mp_weapon_volt_smg_gold,10,0
"","",mp_weapon_3030_gold,5,0
"","",mp_weapon_nemesis_gold,15,0
"","",mp_weapon_dragon_lmg_gold,10,0
"","","",0,0
"",control_airdrop_left,"",0,0
"","",control_purple_kitted_weapons,0,0
"","",control_gold_kitted_weapons,20,0
"","",crate_weapons_earlygame,20,0
"","",crate_weapons_midgame,10,0
"","",crate_weapons_lategame,5,0
"","",armor_pickup_lv3,10,0
"","",helmet_pickup_lv3,0,0
"","",armor_pickup_lv4_all_fast,5,0
"","",helmet_pickup_lv4_abilities,0,0
"","",mp_ability_redeploy_balloon,30,0
"","","",0,0
"",control_airdrop_right,"",0,0
"","",control_purple_kitted_weapons,0,0
"","",control_gold_kitted_weapons,0,0
"","",crate_weapons_earlygame,0,0
"","",crate_weapons_midgame,0,0
"","",crate_weapons_lategame,0,0
"","",armor_pickup_lv3,25,0
"","",helmet_pickup_lv3,15,0
"","",armor_pickup_lv4_all_fast,40,0
"","",helmet_pickup_lv4_abilities,20,0
"","","",0,0
"",control_airdrop_center,"",0,0
"","",control_purple_kitted_weapons,0,0
"","",control_gold_kitted_weapons,30,0
"","",crate_weapons_earlygame,0,0
"","",crate_weapons_midgame,20,0
"","",crate_weapons_lategame,50,0
"","",armor_pickup_lv3,0,0
"","",helmet_pickup_lv3,0,0
"","",armor_pickup_lv4_all_fast,0,0
"","",helmet_pickup_lv4_abilities,0,0
"","","",0,0
"",control_carepackage_left_tier_1,"",0,0
"","",armor_pickup_lv1,100,0
"","",control_blue_kitted_weapons,0,0
"","","",0,0
"",control_carepackage_right_tier_1,"",0,0
"","",helmet_pickup_lv1,100,0
"","",control_blue_kitted_weapons,0,0
"","","",0,0
"",control_carepackage_center_tier_1,"",0,0
"","",helmet_pickup_lv1,10,0
"","",armor_pickup_lv1,30,0
"","",helmet_pickup_lv2,10,0
"","",armor_pickup_lv2,20,0
"","",health_pickup_combo_small,0,0
"","",control_blue_kitted_weapons,0,0
"","",control_ordnance,0,0
"","",mp_ability_redeploy_balloon,30,0
"","","",0,0
"",control_carepackage_left_tier_2,"",0,0
"","",armor_pickup_lv2,100,0
"","",control_purple_kitted_weapons,0,0
"","","",0,0
"",control_carepackage_right_tier_2,"",0,0
"","",helmet_pickup_lv2,100,0
"","",control_purple_kitted_weapons,0,0
"","","",0,0
"",control_carepackage_center_tier_2,"",0,0
"","",helmet_pickup_lv2,10,0
"","",armor_pickup_lv2,20,0
"","",helmet_pickup_lv3,15,0
"","",armor_pickup_lv3,25,0
"","",health_pickup_combo_small,0,0
"","",control_purple_kitted_weapons,0,0
"","",control_ordnance,0,0
"","",mp_ability_redeploy_balloon,30,0
"","","",0,0
"",control_carepackage_left_tier_3,"",0,0
"","",armor_pickup_lv3,100,0
"","",control_gold_kitted_weapons,0,0
"","","",0,0
"",control_carepackage_right_tier_3,"",0,0
"","",helmet_pickup_lv3,100,0
"","",control_gold_kitted_weapons,0,0
"","","",0,0
"",control_carepackage_center_tier_3,"",0,0
"","",armor_pickup_lv3,15,0
"","",helmet_pickup_lv3,25,0
"","",armor_pickup_lv4_all_fast,15,0
"","",helmet_pickup_lv4_abilities,15,0
"","",health_pickup_combo_small,0,0
"","",control_gold_kitted_weapons,0,0
"","",control_ordnance,0,0
"","",mp_ability_redeploy_balloon,30,0
"","","",0,0
"",control_carepackage_left_tier_4,"",0,0
"","",armor_pickup_lv4_all_fast,100,0
"","",crate_weapons_lategame,0,0
"","","",0,0
"",control_carepackage_right_tier_4,"",0,0
"","",helmet_pickup_lv4_abilities,100,0
"","",crate_weapons_lategame,0,0
"","",control_gold_kitted_weapons,0,0
"","","",0,0
"",control_carepackage_center_tier_4,"",0,0
"","",armor_pickup_lv4_all_fast,50,0
"","",helmet_pickup_lv4_abilities,20,0
"","",health_pickup_combo_small,0,0
"","",crate_weapons_lategame,0,0
"","",control_gold_kitted_weapons,0,0
"","",control_ordnance,0,0
"","",mp_ability_redeploy_balloon,30,0
"","","",0,0
"",control_ordnance,"",0,0
"","",mp_weapon_thermite_grenade,35,0
"","",mp_weapon_frag_grenade,30,0
"","",mp_weapon_grenade_emp,35,0
"","",health_pickup_ultimate,0,0
"","","",0,0
"",control_mrb_event_airdrop_left,"",0,0
"","",armor_pickup_lv4_all_fast,90,0
"","",armor_pickup_lv3,10,0
"","","",0,0
"",control_mrb_event_airdrop_right,"",0,0
"","",control_gold_kitted_weapons,20,0
"","",crate_weapons_lategame,30,0
"","",helmet_pickup_lv4_abilities,50,0
"","","",0,0
"",control_mrb_event_airdrop_center,"",0,0
"","",mp_ability_mobile_respawn_beacon,100,0
"","","",0,0
"",rampart_tt_blue_weapons,"",0,0
"","",mp_weapon_g2_blue_paintball,1,0
"","",mp_weapon_mastiff_blue_paintball,1,0
"","",mp_weapon_alternator_smg_blue_paintball,1,0
"","",mp_weapon_shotgun_pistol_blue_paintball,1,0
"","",mp_weapon_semipistol_blue_paintball,1,0
"","","",0,0
"",rampart_tt_purple_weapons,"",0,0
"","",mp_weapon_shotgun_purple_paintball,1,0
"","",mp_weapon_lmg_purple_paintball,1,0
"","",mp_weapon_3030_purple_paintball,1,0
"","",mp_weapon_wingman_purple_paintball,1,0
"","",mp_weapon_autopistol_purple_paintball,1,0
"","",mp_weapon_vinson_purple_paintball,1,0
"","","",0,0
"",rampart_tt_gold_weapons,"",0,0
"","",mp_weapon_dragon_lmg_gold_paintball,1,0
"","",mp_weapon_rspn101_gold_paintball,1,0
"","",mp_weapon_r97_gold_paintball,1,0
"","",mp_weapon_dmr_gold_paintball,1,0
"","",mp_weapon_pdw_gold_paintball,1,0
"","","",0,0
"",telephaser_loot_roller_contents_common,"",0,0
"","",armor_pickup_lv1,7,0
"","",backpack_pickup_lv1,7,0
"","",shotgun_bolt_l1,8,0
"","",highcal_mag_l1,5,0
"","",energy_mag_l1,5,0
"","",bullets_mag_l1,6,0
"","",sniper_mag_l1,4,0
"","",health_pickup_health_small,16,0
"","",health_pickup_combo_small,8,0
"","",optic_cq_hcog_classic,9,0
"","",optic_cq_holosight,9,0
"","",laser_sight_l1,6,0
"","",barrel_stabilizer_l1,6,0
"","",stock_tactical_l1,6,0
"","",stock_sniper_l1,7,0
"","","",0,0
"",telephaser_loot_roller_contents_rare,"",0,0
"","",armor_pickup_lv2,5,0
"","",backpack_pickup_lv2,2,0
"","",helmet_pickup_lv2,8,0
"","",incapshield_pickup_lv2,8,0
"","",shotgun_bolt_l2,6,0
"","",highcal_mag_l2,6,0
"","",energy_mag_l2,6,0
"","",bullets_mag_l2,3,0
"","",sniper_mag_l2,4,0
"","",health_pickup_ultimate,3,0
"","",health_pickup_health_large,15,0
"","",health_pickup_combo_large,10,0
"","",optic_cq_hcog_bruiser,6,0
"","",optic_cq_holosight_variable,6,0
"","",laser_sight_l2,4,0
"","",barrel_stabilizer_l2,4,0
"","",stock_tactical_l2,5,0
"","",stock_sniper_l2,5,0
"","","",0,0
"",telephaser_loot_roller_contents_epic,"",0,0
"","",armor_pickup_lv3,6.5,0
"","",armor_pickup_lv4_all_fast,0.75,0
"","",helmet_pickup_lv3,6.5,0
"","",helmet_pickup_lv4_abilities,2.25,0
"","",backpack_pickup_lv3,6.5,0
"","",backpack_pickup_lv4_revive_boost,1.5,0
"","",incapshield_pickup_lv3,6.5,0
"","",incapshield_pickup_lv4_selfrevive,2.5,0
"","",Hopup_Purple,0,0
"","",shotgun_bolt_l3,8.25,0
"","",highcal_mag_l3,8.25,0
"","",energy_mag_l3,8.25,0
"","",sniper_mag_l3,6.5,0
"","",stock_sniper_l3,8.25,0
"","",stock_tactical_l3,8.25,0
"","",laser_sight_l3,8.25,0
"","",barrel_stabilizer_l3,8.25,0
"","",mp_ability_void_ring,0.5,0
"","",mp_ability_redeploy_balloon,0.5,0
"","",gold_weapons,0.25,0
"","","",0,0
"",telephaser_loot_roller_contents_legendary,"",0,0
"","",armor_pickup_lv4_all_fast,6,0
"","",helmet_pickup_lv4_abilities,15,0
"","",backpack_pickup_lv4_revive_boost,13,0
"","",incapshield_pickup_lv4_selfrevive,13,0
"","",optic_cq_threat,16,0
"","",Hopup_Gold,16,0
"","",bullets_mag_l4,10,0
"","",highcal_mag_l4,10,0
"","",energy_mag_l4,8,0
"","",sniper_mag_l4,4,0
"","",gold_weapons,1,0
"","","",0,0
"",crafting_dummy_group,"",0,0
"","",mp_weapon_dmr,1,0
"","",mp_weapon_vinson,1,0
"","","",0,0
"",blue_kitted_weapons_supply_drop,"",0,0
"","",mp_weapon_wingman_blueset,7,0
"","",mp_weapon_shotgun_blueset,7,0
"","",mp_weapon_g2_blueset,7,0
"","",mp_weapon_mastiff_blueset,7,0
"","",mp_weapon_r97_blueset,7,0
"","",mp_weapon_pdw_blueset,7,0
"","",mp_weapon_vinson_blueset,7,0
"","",mp_weapon_rspn101_blueset,7,0
"","",mp_weapon_esaw_blueset,7,0
"","",mp_weapon_lmg_blueset,7,0
"","",mp_weapon_dmr_blueset,7,0
"","",mp_weapon_doubletake_blueset,7,0
"","",mp_weapon_sentinel_blueset,7,0
"","",mp_weapon_defender_blueset,7,0
"","",mp_weapon_volt_smg_blueset,7,0
"","",mp_weapon_3030_blueset,7,0
"","",mp_weapon_nemesis_blueset,7,0
"","",mp_weapon_dragon_lmg_blueset,7,0
"","","",0,0
"",IMC_Armory_Weapons,"",0,0
"","",mp_weapon_nemesis,11,0
"","",mp_weapon_doubletake,7,0
"","",mp_weapon_mastiff,11,0
"","",mp_weapon_vinson,11,0
"","",mp_weapon_esaw,6,0
"","",mp_weapon_3030,7,0
"","",mp_weapon_shotgun,11,0
"","",mp_weapon_alternator_smg,8,0
"","",mp_weapon_rspn101,11,0
"","",mp_weapon_dragon_lmg,6,0
"","",mp_weapon_shotgun_pistol,11,0
"","",mp_weapon_r97,8,0
"","",mp_weapon_pdw,8,0
"","",mp_weapon_g2,7,0
"","",mp_weapon_wingman,6,0
"","",mp_weapon_autopistol,10,0
"","",mp_weapon_dmr,2,0
"","",mp_weapon_sentinel,2,0
"","",mp_weapon_defender,1,0
"","",mp_weapon_volt_smg,8,0
"","",mp_weapon_lmg,6,0
"","","",0,0
"",lifeline_tt_medbay_loot,"",0,0
"","",armor_pickup_lv3,1,0
"","",backpack_pickup_lv3,1,0
"","","",0,0
"",secret_bin_attachments,"",0,0
"","",optic_cq_hcog_classic,4,0
"","",optic_cq_holosight,5,0
"","",optic_cq_hcog_bruiser,2,0
"","",optic_cq_holosight_variable,3,0
"","",optic_ranged_hcog,1,0
"","",optic_ranged_aog_variable,3,0
"","",optic_sniper,3,0
"","",optic_sniper_variable,3,0
"","",optic_cq_threat,1,0
"","",bullets_mag_l2,5,0
"","",bullets_mag_l3,3.5,0
"","",bullets_mag_l4,0.25,0
"","",highcal_mag_l2,5,0
"","",highcal_mag_l3,3.5,0
"","",highcal_mag_l4,0.25,0
"","",energy_mag_l2,5,0
"","",energy_mag_l3,3.5,0
"","",energy_mag_l4,0.25,0
"","",sniper_mag_l2,3.5,0
"","",sniper_mag_l3,2.5,0
"","",sniper_mag_l4,0.25,0
"","",shotgun_bolt_l2,4,0
"","",shotgun_bolt_l3,3,0
"","",shotgun_bolt_l4,0.25,0
"","",stock_tactical_l2,5,0
"","",stock_tactical_l3,2.5,0
"","",stock_sniper_l2,4,0
"","",stock_sniper_l3,2,0
"","",laser_sight_l2,5,0
"","",laser_sight_l3,2,0
"","",barrel_stabilizer_l2,5,0
"","",barrel_stabilizer_l3,1.5,0
"","",Hopup_Purple,0,0
"","",Hopup_Gold,2,0
"","","",0,0
"",close_optics,"",0,0
"","",optic_cq_hcog_classic,20,0
"","",optic_cq_holosight,20,0
"","",optic_cq_hcog_bruiser,20,0
"","",optic_cq_holosight_variable,20,0
"","",optic_ranged_hcog,10,0
"","",optic_ranged_aog_variable,10,0
"","","",0,0
"",munitions_drop,"",0,3
"","",mp_weapon_wingman,3,0
"","",mp_weapon_shotgun,3,0
"","",mp_weapon_mastiff,3,0
"","",mp_weapon_alternator_smg,3,0
"","",mp_weapon_r97,5,0
"","",mp_weapon_hemlok,4,0
"","",mp_weapon_vinson,5,0
"","",mp_weapon_rspn101,5,0
"","",mp_weapon_lmg,5,0
"","",mp_weapon_g2,4,0
"","",mp_weapon_dmr,3,0
"","",mp_weapon_doubletake,3,0
"","",mp_weapon_volt_smg,4,0
"","",mp_weapon_3030,3,0
"","",mp_weapon_dragon_lmg,3,0
"","",mp_weapon_nemesis,3,0
"","","",0,0
"",shield_battery,"",0,0
"","",health_pickup_combo_large,100,0
"","","",0,0
"","","",0,0
"",firing_range_all_weapons,"",0,0
"","",mp_weapon_wingman,1,0
"","",mp_weapon_semipistol,1,0
"","",mp_weapon_autopistol,1,0
"","",mp_weapon_shotgun_pistol,1,0
"","",mp_weapon_shotgun,1,0
"","",mp_weapon_mastiff,1,0
"","",mp_weapon_alternator_smg,1,0
"","",mp_weapon_r97,1,0
"","",mp_weapon_pdw,1,0
"","",mp_weapon_vinson,1,0
"","",mp_weapon_hemlok,1,0
"","",mp_weapon_rspn101,1,0
"","",mp_weapon_esaw,1,0
"","",mp_weapon_lstar,1,0
"","",mp_weapon_lmg,1,0
"","",mp_weapon_g2,1,0
"","",mp_weapon_dmr,1,0
"","",mp_weapon_defender,1,0
"","",mp_weapon_doubletake,1,0
"","",mp_weapon_sentinel,1,0
"","",mp_weapon_volt_smg,1,0
"","",mp_weapon_bow,1,0
"","",mp_weapon_3030,1,0
"","",mp_weapon_sniper,1,0
"","",mp_weapon_dragon_lmg,1,0
"","",mp_weapon_nemesis,1,0
"","",mp_weapon_throwingknife,1,0
"","","",0,0
"",crate_weapons_valentines,"",0,0
"","",mp_weapon_bow_cupid,100,0
"","","",0,0
"","","",0,0
"",weighted_blue_kitted_weapons,"",0,0
"","",mp_weapon_wingman_blueset,4,0
"","",mp_weapon_semipistol_blueset,0,0
"","",mp_weapon_autopistol_blueset,4,0
"","",mp_weapon_shotgun_pistol_blueset,0,0
"","",mp_weapon_shotgun_blueset,4,0
"","",mp_weapon_alternator_smg_blueset,4,0
"","",mp_weapon_g2_blueset,4,0
"","",mp_weapon_mastiff_blueset,4,0
"","",mp_weapon_r97_blueset,8,0
"","",mp_weapon_pdw_blueset,4,0
"","",mp_weapon_vinson_blueset,4,0
"","",mp_weapon_rspn101_blueset,8,0
"","",mp_weapon_esaw_blueset,4,0
"","",mp_weapon_lmg_blueset,4,0
"","",mp_weapon_dmr_blueset,4,0
"","",mp_weapon_doubletake_blueset,4,0
"","",mp_weapon_sentinel_blueset,4,0
"","",mp_weapon_defender_blueset,4,0
"","",mp_weapon_volt_smg_blueset,4,0
"","",mp_weapon_3030_blueset,4,0
"","",mp_weapon_nemesis_blueset,4,0
"","",mp_weapon_dragon_lmg_blueset,4,0
"","","",0,0
"",weighted_purple_kitted_weapons,"",0,0
"","",mp_weapon_wingman_purpleset,4,0
"","",mp_weapon_semipistol_purpleset,0,0
"","",mp_weapon_autopistol_purpleset,4,0
"","",mp_weapon_shotgun_pistol_purpleset,0,0
"","",mp_weapon_shotgun_purpleset,4,0
"","",mp_weapon_alternator_smg_purpleset,4,0
"","",mp_weapon_g2_purpleset,4,0
"","",mp_weapon_mastiff_purpleset,4,0
"","",mp_weapon_r97_purpleset,4,0
"","",mp_weapon_pdw_purpleset,8,0
"","",mp_weapon_vinson_purpleset,4,0
"","",mp_weapon_rspn101_purpleset,4,0
"","",mp_weapon_esaw_purpleset,4,0
"","",mp_weapon_lmg_purpleset,4,0
"","",mp_weapon_dmr_purpleset,4,0
"","",mp_weapon_doubletake_purpleset,4,0
"","",mp_weapon_sentinel_purpleset,4,0
"","",mp_weapon_defender_purpleset,4,0
"","",mp_weapon_volt_smg_purpleset,4,0
"","",mp_weapon_3030_purpleset,4,0
"","",mp_weapon_nemesis_purpleset,8,0
"","",mp_weapon_dragon_lmg_purpleset,4,0
"","","",0,0
"",weighted_gold_kitted_weapons,"",0,0
"","",mp_weapon_wingman_gold,4,0
"","",mp_weapon_semipistol_gold,0,0
"","",mp_weapon_autopistol_gold,4,0
"","",mp_weapon_shotgun_pistol_gold,4,0
"","",mp_weapon_shotgun_gold,4,0
"","",mp_weapon_alternator_smg_gold,4,0
"","",mp_weapon_g2_gold,4,0
"","",mp_weapon_mastiff_gold,4,0
"","",mp_weapon_r97_gold,4,0
"","",mp_weapon_pdw_gold,4,0
"","",mp_weapon_vinson_gold,4,0
"","",mp_weapon_rspn101_gold,4,0
"","",mp_weapon_esaw_gold,4,0
"","",mp_weapon_lmg_gold,4,0
"","",mp_weapon_dmr_gold,4,0
"","",mp_weapon_doubletake_gold,4,0
"","",mp_weapon_defender_gold,4,0
"","",mp_weapon_volt_smg_gold,4,0
"","","",0,0
"","","",0,0
"","","",0,0
"","","",0,0
"","","",0,0
"",ai_loot_drop_healing_small,"",0,0
"","",ai_loot_drop_health_small,1,0
"","",ai_loot_drop_shield_small,1,0
"","","",0,0
"",ai_loot_drop_health_small,"",0,0
"","",health_pickup_health_small,1,0
"","","",0,0
"",ai_loot_drop_shield_small,"",0,0
"","",health_pickup_combo_small,1,0
"","","",0,0
"","","",0,0
"","","",0,0
"","","",0,0
"","","",0,0
"string","string","string","float","int"
